number,title,file
0114,Filter; filter vessel; strainer,poster/0114-filter-filter-vessel-strainer.png
0126,Disk centrifuge; disk separator,poster/0126-disk-centrifuge-disk-separator.png
0129,Crusher,poster/0129-crusher.png
0130,Mill,poster/0130-mill.png
0131,"Agitator, general",poster/0131-agitator-general.png
0133,"Kneaded, general",poster/0133-kneaded-general.png
0134,Pump; liquid pump,poster/0134-pump-liquid-pump.png
0135,Centrifugal pump,poster/0135-centrifugal-pump.png
0137,Compressor; vacuum pump,poster/0137-compressor-vacuum-pump.png
0138,"Rotary compressor, liquid-ring type; vacuum pump, liquid-ring type",poster/0138-rotary-compressor-liquid-ring-type-vacuum-pump-liquid-ring-t.png
0141,Pallet,poster/0141-pallet.png
0142,Tank car,poster/0142-tank-car.png
0143,"Scale, general",poster/0143-scale-general.png
0144,Proportioned for solids,poster/0144-proportioned-for-solids.png
0147,Electric motor,poster/0147-electric-motor.png
0149,Pile,poster/0149-pile.png
0150,Dump,poster/0150-dump.png
0151,Headlamp levelling control,poster/0151-headlamp-levelling-control.png
0154,Shut-off valve with safety function,poster/0154-shut-off-valve-with-safety-function.png
0157,Drains trap,poster/0157-drains-trap.png
0159,Level,poster/0159-level.png
0160,Calibration,poster/0160-calibration.png
0161,Test barrier,poster/0161-test-barrier.png
0162,Raising,poster/0162-raising.png
0163,Raising in direction of cloth,poster/0163-raising-in-direction-of-cloth.png
0164,Raising against direction of cloth,poster/0164-raising-against-direction-of-cloth.png
0165,Beating process of fabrics,poster/0165-beating-process-of-fabrics.png
0166,Polishing process of fabrics,poster/0166-polishing-process-of-fabrics.png
0167,Adjustment of pile height,poster/0167-adjustment-of-pile-height.png
0168,Rotation of raising cylinder with direction of cloth,poster/0168-rotation-of-raising-cylinder-with-direction-of-cloth.png
0169,Rotation of raising cylinder against direction of cloth,poster/0169-rotation-of-raising-cylinder-against-direction-of-cloth.png
0170,Brushing by means of cross-brush,poster/0170-brushing-by-means-of-cross-brush.png
0171,Adjustment of cloth rest,poster/0171-adjustment-of-cloth-rest.png
0172,Rope uncurling,poster/0172-rope-uncurling.png
0173,Tighten chain; tighten belt,poster/0173-tighten-chain-tighten-belt.png
0174,Slacken chain; slacken belt,poster/0174-slacken-chain-slacken-belt.png
0175,Temperature control,poster/0175-temperature-control.png
0176,Level control,poster/0176-level-control.png
0177,Weft adjusting; stitch row straightening,poster/0177-weft-adjusting-stitch-row-straightening.png
0178,Weft control; stitch row control,poster/0178-weft-control-stitch-row-control.png
0179,Roller engaged,poster/0179-roller-engaged.png
0180,Roller disengaged,poster/0180-roller-disengaged.png
0181,Admixture,poster/0181-admixture.png
0182,Thermostat,poster/0182-thermostat.png
0183,Pressure gauge,poster/0183-pressure-gauge.png
0184,Roll on board,poster/0184-roll-on-board.png
0185,Spark coil-ignition element,poster/0185-spark-coil-ignition-element.png
0186,Cloth stack,poster/0186-cloth-stack.png
0187,Lifting of the plaiting table,poster/0187-lifting-of-the-plaiting-table.png
0188,Lowering of the plaiting table,poster/0188-lowering-of-the-plaiting-table.png
0189,Move the plaiting blade,poster/0189-move-the-plaiting-blade.png
0190,Reduction of the length of layer,poster/0190-reduction-of-the-length-of-layer.png
0191,Enlargement of the length of layer,poster/0191-enlargement-of-the-length-of-layer.png
0192,Marking fold protrusion,poster/0192-marking-fold-protrusion.png
0193,Stack height limit,poster/0193-stack-height-limit.png
0194,Rollers,poster/0194-rollers.png
0195,Disengagement of rollers,poster/0195-disengagement-of-rollers.png
0196,Release roller contact pressure,poster/0196-release-roller-contact-pressure.png
0197,Engage lower roller contact,poster/0197-engage-lower-roller-contact.png
0198,Engage upper roller contact,poster/0198-engage-upper-roller-contact.png
0199,Rollers with internal pressure,poster/0199-rollers-with-internal-pressure.png
0200,"Rollers with internal pressure, pressing/loading",poster/0200-rollers-with-internal-pressure-pressing-loading.png
0201,Ends of rollers,poster/0201-ends-of-rollers.png
0202,Pressure on left-hand ends of rollers,poster/0202-pressure-on-left-hand-ends-of-rollers.png
0203,Pressure on right-hand ends of rollers,poster/0203-pressure-on-right-hand-ends-of-rollers.png
0204,Compensation of dead- weight of upper roller,poster/0204-compensation-of-dead-weight-of-upper-roller.png
0205,Compensation of dead- weight of left-hand end of upper roller,poster/0205-compensation-of-dead-weight-of-left-hand-end-of-upper-roller.png
0206,Compensation of dead-weight of right-hand end of upper roller,poster/0206-compensation-of-dead-weight-of-right-hand-end-of-upper-rolle.png
0207,Lamination,poster/0207-lamination.png
0208,Winding side guide,poster/0208-winding-side-guide.png
0209,Guide-roller control,poster/0209-guide-roller-control.png
0210,Guide-roller forwards,poster/0210-guide-roller-forwards.png
0211,Guide-roller backwards,poster/0211-guide-roller-backwards.png
0212,Winding and cutting,poster/0212-winding-and-cutting.png
0213,Half-width winding,poster/0213-half-width-winding.png
0214,Cloth scray,poster/0214-cloth-scray.png
0215,Fill the cloth scray,poster/0215-fill-the-cloth-scray.png
0216,Empty the cloth scray,poster/0216-empty-the-cloth-scray.png
0217,Inspection table,poster/0217-inspection-table.png
0218,Raise inspection table,poster/0218-raise-inspection-table.png
0219,Lower inspection table,poster/0219-lower-inspection-table.png
0220,Cloth track temperature,poster/0220-cloth-track-temperature.png
0221,Cloth track humidity,poster/0221-cloth-track-humidity.png
0222,Rinse,poster/0222-rinse.png
0223,Cloth track speed compensation,poster/0223-cloth-track-speed-compensation.png
0224,Measure humidity,poster/0224-measure-humidity.png
0225,Cloth track steaming,poster/0225-cloth-track-steaming.png
0226,Cloth track entry,poster/0226-cloth-track-entry.png
0227,Cloth track exit,poster/0227-cloth-track-exit.png
0228,Disturbance,poster/0228-disturbance.png
0229,Conveyer belt,poster/0229-conveyer-belt.png
0230,Emission of heat by radiation,poster/0230-emission-of-heat-by-radiation.png
0231,Pneumatic energy,poster/0231-pneumatic-energy.png
0232,Electric energy,poster/0232-electric-energy.png
0233,Pressure measurement,poster/0233-pressure-measurement.png
0234,Valve; shut-off element,poster/0234-valve-shut-off-element.png
0235,Embossing,poster/0235-embossing.png
0236,Flanged bobbing; beam,poster/0236-flanged-bobbing-beam.png
0237,Unleaded fuel,poster/0237-unleaded-fuel.png
0238,Parking brake,poster/0238-parking-brake.png
0239,Brake failure; brake system malfunction,poster/0239-brake-failure-brake-system-malfunction.png
0240,Parking lights,poster/0240-parking-lights.png
0241,Bonnet; hood,poster/0241-bonnet-hood.png
0242,Boot; trunk,poster/0242-boot-trunk.png
0243,Choke; cold starting aid,poster/0243-choke-cold-starting-aid.png
0244,Signal horn,poster/0244-signal-horn.png
0245,Fuel,poster/0245-fuel.png
0246,Engine coolant temperature,poster/0246-engine-coolant-temperature.png
0247,Battery charging,poster/0247-battery-charging.png
0248,Engine oil,poster/0248-engine-oil.png
0249,Seat belt,poster/0249-seat-belt.png
0250,Headlamp cleaner,poster/0250-headlamp-cleaner.png
0251,Functional arrow; group select,poster/0251-functional-arrow-group-select.png
0252,Interrupted rectilinear motion,poster/0252-interrupted-rectilinear-motion.png
0253,Incremental rectilinear motion,poster/0253-incremental-rectilinear-motion.png
0254,Rectilinear repeated positioning,poster/0254-rectilinear-repeated-positioning.png
0255,Single limited rectilinear motion and return,poster/0255-single-limited-rectilinear-motion-and-return.png
0256,"Overtravel, rectilinear",poster/0256-overtravel-rectilinear.png
0257,Limited rectilinear motion with temporary delay before return,poster/0257-limited-rectilinear-motion-with-temporary-delay-before-retur.png
0258,Clockwise rotation,poster/0258-clockwise-rotation.png
0259,Feed,poster/0259-feed.png
0260,Longitudinal feed,poster/0260-longitudinal-feed.png
0261,Transverse feed,poster/0261-transverse-feed.png
0262,Vertical feed,poster/0262-vertical-feed.png
0263,Feed per revolution,poster/0263-feed-per-revolution.png
0264,Feed per stroke,poster/0264-feed-per-stroke.png
0265,"Feed per minute, feed range",poster/0265-feed-per-minute-feed-range.png
0266,Rapid traverse,poster/0266-rapid-traverse.png
0267,Spindle,poster/0267-spindle.png
0268,"Spindle, drilling",poster/0268-spindle-drilling.png
0269,"Spindle, milling",poster/0269-spindle-milling.png
0270,"Spindle, grinding",poster/0270-spindle-grinding.png
0271,"Spindle, tapping",poster/0271-spindle-tapping.png
0272,Quill,poster/0272-quill.png
0273,Interchange,poster/0273-interchange.png
0274,Chuck,poster/0274-chuck.png
0275,Faceplate,poster/0275-faceplate.png
0276,Colette,poster/0276-colette.png
0277,Work head; spindle head,poster/0277-work-head-spindle-head.png
0278,Tailstock,poster/0278-tailstock.png
0279,Turret,poster/0279-turret.png
0280,Press slide,poster/0280-press-slide.png
0281,Grinding radius attachment,poster/0281-grinding-radius-attachment.png
0282,"Work table, rectangular",poster/0282-work-table-rectangular.png
0283,"Magnetic plate, rectangular",poster/0283-magnetic-plate-rectangular.png
0284,Work table; round,poster/0284-work-table-round.png
0285,Magnetic plate; round,poster/0285-magnetic-plate-round.png
0286,Rotary tools,poster/0286-rotary-tools.png
0287,"Stationary, single-point tools",poster/0287-stationary-single-point-tools.png
0288,Milling cutter,poster/0288-milling-cutter.png
0289,Circular saw,poster/0289-circular-saw.png
0290,Drill,poster/0290-drill.png
0291,Reamer,poster/0291-reamer.png
0292,Tap,poster/0292-tap.png
0293,"Cutter block, without blades",poster/0293-cutter-block-without-blades.png
0294,"Cutter block, with blades",poster/0294-cutter-block-with-blades.png
0295,Grinding/abrasive wheel,poster/0295-grinding-abrasive-wheel.png
0296,"Centreless grinding, abrasive wheel",poster/0296-centreless-grinding-abrasive-wheel.png
0297,"Centreless grinding, regulating or feed wheel",poster/0297-centreless-grinding-regulating-or-feed-wheel.png
0298,Abrasive disc,poster/0298-abrasive-disc.png
0299,Abrasive band,poster/0299-abrasive-band.png
0300,Single-point truing/dressing tool,poster/0300-single-point-truing-dressing-tool.png
0301,Internal broach,poster/0301-internal-broach.png
0302,External broach,poster/0302-external-broach.png
0303,Linear saw,poster/0303-linear-saw.png
0304,Chain saw,poster/0304-chain-saw.png
0305,Press tool; die set,poster/0305-press-tool-die-set.png
0306,Polishing wheel,poster/0306-polishing-wheel.png
0307,Rotary brush,poster/0307-rotary-brush.png
0308,"Tool-magazine, turret type",poster/0308-tool-magazine-turret-type.png
0309,"Tool-magazine, chain type",poster/0309-tool-magazine-chain-type.png
0310,Tracer template,poster/0310-tracer-template.png
0311,Chain,poster/0311-chain.png
0312,Scraping; coating; spreading,poster/0312-scraping-coating-spreading.png
0313,Chips; swarf,poster/0313-chips-swarf.png
0314,Safety device (mechanical) against overload,poster/0314-safety-device-mechanical-against-overload.png
0315,Workpiece; product,poster/0315-workpiece-product.png
0316,Blow-moulded product,poster/0316-blow-moulded-product.png
0317,Compression-moulded product,poster/0317-compression-moulded-product.png
0318,Injection-moulded product,poster/0318-injection-moulded-product.png
0319,Flow-moulded product,poster/0319-flow-moulded-product.png
0320,Preform for blow moulding,poster/0320-preform-for-blow-moulding.png
0321,Workpiece [product] holder [fixture],poster/0321-workpiece-product-holder-fixture.png
0322,Workpiece [product] gripping device,poster/0322-workpiece-product-gripping-device.png
0323,Stretcher bars for plastics moulding,poster/0323-stretcher-bars-for-plastics-moulding.png
0324,Sheet stacking,poster/0324-sheet-stacking.png
0325,Haul off for plastics moulding,poster/0325-haul-off-for-plastics-moulding.png
0326,Hand wheel,poster/0326-hand-wheel.png
0327,Lever,poster/0327-lever.png
0328,Half-nut,poster/0328-half-nut.png
0329,Back stop [gauge] for guillotines,poster/0329-back-stop-gauge-for-guillotines.png
0330,Broach puller,poster/0330-broach-puller.png
0331,Broach retriever,poster/0331-broach-retriever.png
0332,Blow moulding die,poster/0332-blow-moulding-die.png
0333,Blow needle,poster/0333-blow-needle.png
0334,Blow mandrel,poster/0334-blow-mandrel.png
0335,Compression mould,poster/0335-compression-mould.png
0336,Injection mould,poster/0336-injection-mould.png
0337,Plasticizing unit,poster/0337-plasticizing-unit.png
0338,Plasticizing cylinder,poster/0338-plasticizing-cylinder.png
0339,Plasticizing cylinder with plunger,poster/0339-plasticizing-cylinder-with-plunger.png
0340,Plasticizing cylinder with screw,poster/0340-plasticizing-cylinder-with-screw.png
0341,"Extrusion die, general",poster/0341-extrusion-die-general.png
0342,"Extrusion die, multiple strand die",poster/0342-extrusion-die-multiple-strand-die.png
0343,"Extrusion die, sheet die",poster/0343-extrusion-die-sheet-die.png
0344,"Extrusion die, tube die",poster/0344-extrusion-die-tube-die.png
0345,"Extrusion die, tubular film die",poster/0345-extrusion-die-tubular-film-die.png
0346,"Extrusion die, cable covering die",poster/0346-extrusion-die-cable-covering-die.png
0347,"Plastics moulding, accumulator with ejector",poster/0347-plastics-moulding-accumulator-with-ejector.png
0348,"Plastics moulding, external sizing unit",poster/0348-plastics-moulding-external-sizing-unit.png
0349,"Plastics moulding, nip roll assembly with collapsing boards",poster/0349-plastics-moulding-nip-roll-assembly-with-collapsing-boards.png
0350,"Plastics moulding, corrugating device",poster/0350-plastics-moulding-corrugating-device.png
0351,Strip feed rollers,poster/0351-strip-feed-rollers.png
0352,,poster/0352-untitled.png
0353,,poster/0353-untitled.png
0354,,poster/0354-untitled.png
0355,,poster/0355-untitled.png
0356,,poster/0356-untitled.png
0359,,poster/0359-untitled.png
0360,,poster/0360-untitled.png
0361,,poster/0361-untitled.png
0362,Scraper,poster/0362-scraper.png
0363,Pilot flame,poster/0363-pilot-flame.png
0364,Working flame,poster/0364-working-flame.png
0365,Turning,poster/0365-turning.png
0366,Boring,poster/0366-boring.png
0367,Planing,poster/0367-planing.png
0368,Shaping,poster/0368-shaping.png
0369,Slotting,poster/0369-slotting.png
0370,Drilling,poster/0370-drilling.png
0371,Milling,poster/0371-milling.png
0372,Conventional milling; up cut milling,poster/0372-conventional-milling-up-cut-milling.png
0373,Climb milling; down cut milling,poster/0373-climb-milling-down-cut-milling.png
0374,Grinding,poster/0374-grinding.png
0375,External cylindrical grinding,poster/0375-external-cylindrical-grinding.png
0376,Internal cylindrical grinding,poster/0376-internal-cylindrical-grinding.png
0377,Plunge cut grinding,poster/0377-plunge-cut-grinding.png
0378,Face grinding,poster/0378-face-grinding.png
0379,Internal honing,poster/0379-internal-honing.png
0380,External honing,poster/0380-external-honing.png
0381,Lapping,poster/0381-lapping.png
0382,Threading,poster/0382-threading.png
0383,Reaming,poster/0383-reaming.png
0384,Tapping,poster/0384-tapping.png
0385,External broaching,poster/0385-external-broaching.png
0386,Internal broaching,poster/0386-internal-broaching.png
0387,Shearing; cutting; guillotining,poster/0387-shearing-cutting-guillotining.png
0388,Rolling,poster/0388-rolling.png
0389,Rolling,poster/0389-rolling.png
0390,Bending; folding,poster/0390-bending-folding.png
0391,Lubricating oil,poster/0391-lubricating-oil.png
0392,Face truing [dressing] by single-point tool,poster/0392-face-truing-dressing-by-single-point-tool.png
0393,Straight truing [dressing] by single-point tool,poster/0393-straight-truing-dressing-by-single-point-tool.png
0394,Crush dressing,poster/0394-crush-dressing.png
0395,Rotary diamond truing,poster/0395-rotary-diamond-truing.png
0397,Load workpiece [product],poster/0397-load-workpiece-product.png
0398,Unload workpiece [product],poster/0398-unload-workpiece-product.png
0399,Engage tracer,poster/0399-engage-tracer.png
0400,Disengage tracer,poster/0400-disengage-tracer.png
0401,Rotary tool retension,poster/0401-rotary-tool-retension.png
0402,Rotary tool release,poster/0402-rotary-tool-release.png
0403,Close half-nut,poster/0403-close-half-nut.png
0404,Open half-nut,poster/0404-open-half-nut.png
0405,Pressure cushion decompressed,poster/0405-pressure-cushion-decompressed.png
0406,Pressure cushion gripping,poster/0406-pressure-cushion-gripping.png
0407,"Engage bottom roll, 4",poster/0407-engage-bottom-roll-4.png
0408,"Engage upper roll, 3",poster/0408-engage-upper-roll-3.png
0409,"Engage bottom rolls, 3",poster/0409-engage-bottom-rolls-3.png
0410,Folding beam up,poster/0410-folding-beam-up.png
0411,Folding beam down,poster/0411-folding-beam-down.png
0412,Oriented spindle stop,poster/0412-oriented-spindle-stop.png
0413,Material [bar feed] to stop position,poster/0413-material-bar-feed-to-stop-position.png
0414,Cores in moulding position,poster/0414-cores-in-moulding-position.png
0415,Cores disengaged from moulding position,poster/0415-cores-disengaged-from-moulding-position.png
0416,Regulation of wall thickness of preform,poster/0416-regulation-of-wall-thickness-of-preform.png
0417,Change drain and refill,poster/0417-change-drain-and-refill.png
0419,"Refer to instruction book, information; reading- room; library",poster/0419-refer-to-instruction-book-information-reading-room-library.png
0420,Refer to electrical instruction book (information),poster/0420-refer-to-electrical-instruction-book-information.png
0421,Examine; check,poster/0421-examine-check.png
0422,Ready (finished); acknowledgement,poster/0422-ready-finished-acknowledgement.png
0423,Manual cleaning,poster/0423-manual-cleaning.png
0424,Automatic cleaning,poster/0424-automatic-cleaning.png
0425,Double tool change arm,poster/0425-double-tool-change-arm.png
0426,One cycle,poster/0426-one-cycle.png
0427,Interruption of automatic cycle and return to start position,poster/0427-interruption-of-automatic-cycle-and-return-to-start-position.png
0428,Subcycle,poster/0428-subcycle.png
0429,Single tool change arm,poster/0429-single-tool-change-arm.png
0430,Weight,poster/0430-weight.png
0431,Interrupted rotation,poster/0431-interrupted-rotation.png
0432,Above working temperature range,poster/0432-above-working-temperature-range.png
0433,Below working temperature range,poster/0433-below-working-temperature-range.png
0435,Assistance; query,poster/0435-assistance-query.png
0436,Rotary repeated positioning,poster/0436-rotary-repeated-positioning.png
0437,Relative motion out,poster/0437-relative-motion-out.png
0438,Relative motion in,poster/0438-relative-motion-in.png
0439,Dimensional arrow,poster/0439-dimensional-arrow.png
0440,"Direction of continuous rotation, three-dimensional presentation",poster/0440-direction-of-continuous-rotation-three-dimensional-presentat.png
0441,Compound slide,poster/0441-compound-slide.png
0442,Steady rest,poster/0442-steady-rest.png
0443,"Workpiece separation, sequencing",poster/0443-workpiece-separation-sequencing.png
0444,"Workpiece, stop engage",poster/0444-workpiece-stop-engage.png
0445,"Workpiece, stop disengage",poster/0445-workpiece-stop-disengage.png
0446,"Workpiece, direction selector, close",poster/0446-workpiece-direction-selector-close.png
0447,"Workpiece, direction selector, open",poster/0447-workpiece-direction-selector-open.png
0448,"Workpiece, centring",poster/0448-workpiece-centring.png
0449,"Lock longitudinal, gripping centre points",poster/0449-lock-longitudinal-gripping-centre-points.png
0450,Chuck jaws in changing position,poster/0450-chuck-jaws-in-changing-position.png
0451,Welding torch carriage,poster/0451-welding-torch-carriage.png
0452,Gas supply,poster/0452-gas-supply.png
0453,Workpiece connection,poster/0453-workpiece-connection.png
0454,Dropping voltage,poster/0454-dropping-voltage.png
0455,Substantially level voltage characteristic,poster/0455-substantially-level-voltage-characteristic.png
0456,Position lights; side lights,poster/0456-position-lights-side-lights.png
0457,Combustion preheat; engine start aid,poster/0457-combustion-preheat-engine-start-aid.png
0458,Current slope increasing,poster/0458-current-slope-increasing.png
0459,"Welding, general",poster/0459-welding-general.png
0460,Manual metal arc welding,poster/0460-manual-metal-arc-welding.png
0461,MIG/MAG welding,poster/0461-mig-mag-welding.png
0462,TIG welding,poster/0462-tig-welding.png
0463,Manual metal arc welding electrode holder,poster/0463-manual-metal-arc-welding-electrode-holder.png
0464,MIG/MAG torch,poster/0464-mig-mag-torch.png
0465,TIG torch,poster/0465-tig-torch.png
0466,"Hopper (powder, flux)",poster/0466-hopper-powder-flux.png
0467,,poster/0467-untitled.png
0475,Arc ignition by contact,poster/0475-arc-ignition-by-contact.png
0476,Arc ignition by high frequency,poster/0476-arc-ignition-by-high-frequency.png
0477,Plasma torch,poster/0477-plasma-torch.png
0478,Plasma welding,poster/0478-plasma-welding.png
0479,Plasma cutting,poster/0479-plasma-cutting.png
0480,Plasma gas,poster/0480-plasma-gas.png
0481,Plasma shielding gas,poster/0481-plasma-shielding-gas.png
0482,"Plasma torch connection to electrode, negative supply",poster/0482-plasma-torch-connection-to-electrode-negative-supply.png
0483,"Plasma torch connection to nozzle, positive supply",poster/0483-plasma-torch-connection-to-nozzle-positive-supply.png
0484,Punch,poster/0484-punch.png
0485,Punching,poster/0485-punching.png
0486,Document to be filmed,poster/0486-document-to-be-filmed.png
0487,Document not to be filmed,poster/0487-document-not-to-be-filmed.png
0488,Original in colour,poster/0488-original-in-colour.png
0489,Microform of first generation in colour,poster/0489-microform-of-first-generation-in-colour.png
0490,Continuation on another reel,poster/0490-continuation-on-another-reel.png
0491,Continuation of another reel,poster/0491-continuation-of-another-reel.png
0492,Ignition,poster/0492-ignition.png
0493,Co-ordinate tracing,poster/0493-co-ordinate-tracing.png
0494,Powder paint marking,poster/0494-powder-paint-marking.png
0495,Bulbous bow,poster/0495-bulbous-bow.png
0496,Side thruster,poster/0496-side-thruster.png
0497,«One-star» compartment,poster/0497-one-star-compartment.png
0498,«Two-star» compartment,poster/0498-two-star-compartment.png
0499,«Three-star» compartment,poster/0499-three-star-compartment.png
0500,Frozen food storage compartment,poster/0500-frozen-food-storage-compartment.png
0501,Adjust tension of material (cloth or yarn),poster/0501-adjust-tension-of-material-cloth-or-yarn.png
0502,"Variation of material (cloth or yarn) tension, with initial position",poster/0502-variation-of-material-cloth-or-yarn-tension-with-initial-pos.png
0503,Symmetrical course,poster/0503-symmetrical-course.png
0504,Cooling of the fabric web,poster/0504-cooling-of-the-fabric-web.png
0505,Relative humidity; moisture content,poster/0505-relative-humidity-moisture-content.png
0506,Do not actuate during operation,poster/0506-do-not-actuate-during-operation.png
0507,Actuate only during operation,poster/0507-actuate-only-during-operation.png
0508,Count the layers,poster/0508-count-the-layers.png
0509,Pressing by rollers,poster/0509-pressing-by-rollers.png
0510,"Shut-off valve, straight",poster/0510-shut-off-valve-straight.png
0511,Steam energy,poster/0511-steam-energy.png
0512,Stretching unit,poster/0512-stretching-unit.png
0513,Spinning nozzle,poster/0513-spinning-nozzle.png
0514,Central position,poster/0514-central-position.png
0515,Output convection,poster/0515-output-convection.png
0516,Not suitable for use with anaesthetic agents,poster/0516-not-suitable-for-use-with-anaesthetic-agents.png
0517,Key switch; key fastener,poster/0517-key-switch-key-fastener.png
0518,Counting,poster/0518-counting.png
0519,Punch marking,poster/0519-punch-marking.png
0520,"Punch marking, single/intermittent/continuous",poster/0520-punch-marking-single-intermittent-continuous.png
0521,Movement in direction of arrow from a point of origin,poster/0521-movement-in-direction-of-arrow-from-a-point-of-origin.png
0522,Mechanical energy,poster/0522-mechanical-energy.png
0523,Heat energy,poster/0523-heat-energy.png
0524,Water energy,poster/0524-water-energy.png
0525,Hydraulic energy,poster/0525-hydraulic-energy.png
0526,Kerf,poster/0526-kerf.png
0527,Reduced run; reduced speed,poster/0527-reduced-run-reduced-speed.png
0528,Much reduced run; much reduced speed,poster/0528-much-reduced-run-much-reduced-speed.png
0529,Smoothing; crushing; rolling,poster/0529-smoothing-crushing-rolling.png
0530,Steam,poster/0530-steam.png
0533,Upper limit of temperature,poster/0533-upper-limit-of-temperature.png
0534,Lower limit of temperature,poster/0534-lower-limit-of-temperature.png
0535,Transfer of heat in general,poster/0535-transfer-of-heat-in-general.png
0536,Water; fluid,poster/0536-water-fluid.png
0537,Air,poster/0537-air.png
0538,"Cutting, general",poster/0538-cutting-general.png
0539,Reversal of sequence,poster/0539-reversal-of-sequence.png
0540,Zero-point adjustment,poster/0540-zero-point-adjustment.png
0541,Variability with a preset starting point,poster/0541-variability-with-a-preset-starting-point.png
0542,Lifting point; central support,poster/0542-lifting-point-central-support.png
0543,Air cooling,poster/0543-air-cooling.png
0544,Water cooling,poster/0544-water-cooling.png
0545,Chill roll,poster/0545-chill-roll.png
0546,Heating roll,poster/0546-heating-roll.png
0547,Synchronization of speeds (e.g. normal and fast speed),poster/0547-synchronization-of-speeds-e-g-normal-and-fast-speed.png
0548,Pressure control,poster/0548-pressure-control.png
0549,Rotational speed control,poster/0549-rotational-speed-control.png
0550,Safety cover,poster/0550-safety-cover.png
0551,Pressure rollers,poster/0551-pressure-rollers.png
0552,Transverse cutting,poster/0552-transverse-cutting.png
0553,Longitudinal cutting,poster/0553-longitudinal-cutting.png
0554,De-ionization; static discharge,poster/0554-de-ionization-static-discharge.png
0555,Ionization; static charging,poster/0555-ionization-static-charging.png
0556,Winding with tangential drive,poster/0556-winding-with-tangential-drive.png
0557,Winding with direct drive,poster/0557-winding-with-direct-drive.png
0558,Winding with tangential and direct drive,poster/0558-winding-with-tangential-and-direct-drive.png
0559,Cooling control,poster/0559-cooling-control.png
0560,Depositing roller,poster/0560-depositing-roller.png
0561,Gusset seal off,poster/0561-gusset-seal-off.png
0562,Gusset seal on,poster/0562-gusset-seal-on.png
0563,Immersion roller; wash roller,poster/0563-immersion-roller-wash-roller.png
0564,"Pressure rollers, one roller with internal pressure",poster/0564-pressure-rollers-one-roller-with-internal-pressure.png
0565,Movement of one unit in two directions,poster/0565-movement-of-one-unit-in-two-directions.png
0566,Roller; cylinder,poster/0566-roller-cylinder.png
0567,Fold retainer,poster/0567-fold-retainer.png
0568,Machines in combined operation,poster/0568-machines-in-combined-operation.png
0569,Machine in separate operation,poster/0569-machine-in-separate-operation.png
0570,Brushing against fabric run direction,poster/0570-brushing-against-fabric-run-direction.png
0571,Brushing with fabric run direction,poster/0571-brushing-with-fabric-run-direction.png
0572,"Seam, general",poster/0572-seam-general.png
0573,Multiple seams,poster/0573-multiple-seams.png
0574,Adjust shearing unit,poster/0574-adjust-shearing-unit.png
0575,Adjust shearing roller to the ledger blade,poster/0575-adjust-shearing-roller-to-the-ledger-blade.png
0576,Engage and disengage shearing roller against inferior knife,poster/0576-engage-and-disengage-shearing-roller-against-inferior-knife.png
0577,Adjust shearing roller,poster/0577-adjust-shearing-roller.png
0578,"Raising of pile, general",poster/0578-raising-of-pile-general.png
0579,Disengage pile-raising roller,poster/0579-disengage-pile-raising-roller.png
0580,Engage pile-raising roller,poster/0580-engage-pile-raising-roller.png
0582,Processing tank,poster/0582-processing-tank.png
0583,Storage tank; preparation tank,poster/0583-storage-tank-preparation-tank.png
0584,Outward flow of heat carrier,poster/0584-outward-flow-of-heat-carrier.png
0585,Return flow of heat carrier,poster/0585-return-flow-of-heat-carrier.png
0586,Present switching for temperature increase,poster/0586-present-switching-for-temperature-increase.png
0587,Adjustment of tank to fabric centre,poster/0587-adjustment-of-tank-to-fabric-centre.png
0588,Feeler; sensor,poster/0588-feeler-sensor.png
0589,Moisture control,poster/0589-moisture-control.png
0590,Swivel device for reeling/winding,poster/0590-swivel-device-for-reeling-winding.png
0591,Selvedge lifting,poster/0591-selvedge-lifting.png
0592,Change of rotational speed,poster/0592-change-of-rotational-speed.png
0593,Loop blowing device,poster/0593-loop-blowing-device.png
0594,Steam blowing device,poster/0594-steam-blowing-device.png
0595,Circulation compressor,poster/0595-circulation-compressor.png
0596,Bleeding,poster/0596-bleeding.png
0597,Adjust arc of contact,poster/0597-adjust-arc-of-contact.png
0598,Reduce arc of contact,poster/0598-reduce-arc-of-contact.png
0599,Increase arc of contact,poster/0599-increase-arc-of-contact.png
0600,Adjustment of lower limit of compensator,poster/0600-adjustment-of-lower-limit-of-compensator.png
0601,Adjustment of upper limit of compensator,poster/0601-adjustment-of-upper-limit-of-compensator.png
0602,Loop compartment,poster/0602-loop-compartment.png
0603,Single-width fabric,poster/0603-single-width-fabric.png
0604,Multi-width fabric,poster/0604-multi-width-fabric.png
0605,Wound fabric,poster/0605-wound-fabric.png
0606,Heater plate,poster/0606-heater-plate.png
0607,Fabric out of contact with heater plate,poster/0607-fabric-out-of-contact-with-heater-plate.png
0608,Fabric in contact with heater plate,poster/0608-fabric-in-contact-with-heater-plate.png
0609,Heating of chamber,poster/0609-heating-of-chamber.png
0610,Double plaiting,poster/0610-double-plaiting.png
0611,Pattern brushing,poster/0611-pattern-brushing.png
0612,Setting of roughing depth,poster/0612-setting-of-roughing-depth.png
0613,Knife shaft,poster/0613-knife-shaft.png
0614,Disengage brushing roller,poster/0614-disengage-brushing-roller.png
0615,Protect from heat and radioactive sources,poster/0615-protect-from-heat-and-radioactive-sources.png
0616,Tilt pointed table,poster/0616-tilt-pointed-table.png
0617,Adjust right-hand side of pointed table,poster/0617-adjust-right-hand-side-of-pointed-table.png
0618,Adjust left-hand side of pointed table,poster/0618-adjust-left-hand-side-of-pointed-table.png
0619,Adjust horizontally pointed table,poster/0619-adjust-horizontally-pointed-table.png
0620,Lighter,poster/0620-lighter.png
0621,Fragile; handle with care,poster/0621-fragile-handle-with-care.png
0622,Use no hooks,poster/0622-use-no-hooks.png
0623,This way up,poster/0623-this-way-up.png
0624,Keep away from sunlight,poster/0624-keep-away-from-sunlight.png
0625,Sling here,poster/0625-sling-here.png
0626,Keep away from rain,poster/0626-keep-away-from-rain.png
0627,Centre of gravity,poster/0627-centre-of-gravity.png
0628,Do not roll,poster/0628-do-not-roll.png
0629,Do not use hand truck here,poster/0629-do-not-use-hand-truck-here.png
0630,Stacking limit by mass,poster/0630-stacking-limit-by-mass.png
0631,Clamp as indicated,poster/0631-clamp-as-indicated.png
0632,Temperature limit,poster/0632-temperature-limit.png
0633,Front fog light,poster/0633-front-fog-light.png
0634,Rear fog light,poster/0634-rear-fog-light.png
0638,Door-lock control,poster/0638-door-lock-control.png
0639,Long-range lamp,poster/0639-long-range-lamp.png
0640,Engine,poster/0640-engine.png
0641,Fuel economy,poster/0641-fuel-economy.png
0642,"Air ventilation, all outlets",poster/0642-air-ventilation-all-outlets.png
0643,"Air ventilation, right outlets",poster/0643-air-ventilation-right-outlets.png
0644,"Air ventilation, left outlets",poster/0644-air-ventilation-left-outlets.png
0645,"Air ventilation, leg room",poster/0645-air-ventilation-leg-room.png
0646,"Air ventilation, right and left room",poster/0646-air-ventilation-right-and-left-room.png
0647,"Windscreen wiper, intermittent; windshield wiper, intermittent",poster/0647-windscreen-wiper-intermittent-windshield-wiper-intermittent.png
0648,Window lift (power-operated),poster/0648-window-lift-power-operated.png
0650,Subtotal,poster/0650-subtotal.png
0652,Equals,poster/0652-equals.png
0653,Square root,poster/0653-square-root.png
0654,Multiplication,poster/0654-multiplication.png
0656,Total,poster/0656-total.png
0657,Non-add,poster/0657-non-add.png
0658,Line spacing,poster/0658-line-spacing.png
0659,Biological risks,poster/0659-biological-risks.png
0660,Master attachment,poster/0660-master-attachment.png
0661,Master alignment; image shift,poster/0661-master-alignment-image-shift.png
0662,Master inking,poster/0662-master-inking.png
0663,Master damping,poster/0663-master-damping.png
0664,Master priming,poster/0664-master-priming.png
0665,Master ejection,poster/0665-master-ejection.png
0666,Blanket inking,poster/0666-blanket-inking.png
0667,Single-sided original,poster/0667-single-sided-original.png
0668,Double-sided original,poster/0668-double-sided-original.png
0669,Single-sided copy,poster/0669-single-sided-copy.png
0670,Double-sided copy,poster/0670-double-sided-copy.png
0992,"Forward continuous, read all data, with machine functions",poster/0992-forward-continuous-read-all-data-with-machine-functions.png
0993,"Forward block by block, read all data, with machine functions",poster/0993-forward-block-by-block-read-all-data-with-machine-functions.png
0994,Programmed stop,poster/0994-programmed-stop.png
0995,Programmed optional stop,poster/0995-programmed-optional-stop.png
0996,"Forward block by block, read all data, without machine functions",poster/0996-forward-block-by-block-read-all-data-without-machine-functio.png
0997,"Forward, search for particular data, without machine functions",poster/0997-forward-search-for-particular-data-without-machine-functions.png
0998,"Backward, search for particular data, without machine functions",poster/0998-backward-search-for-particular-data-without-machine-function.png
0999,"Forward, search for block number, without machine functions",poster/0999-forward-search-for-block-number-without-machine-functions.png
1000,"Backward, search for block number, without",poster/1000-backward-search-for-block-number-without.png
1001,"Forward, search for program alignment",poster/1001-forward-search-for-program-alignment.png
1002,"Backward, search for program alignment",poster/1002-backward-search-for-program-alignment.png
1003,Beginning of program,poster/1003-beginning-of-program.png
1004,End of program,poster/1004-end-of-program.png
1005,"Backward, search for beginning of program,",poster/1005-backward-search-for-beginning-of-program.png
1006,End of program with automatic rewind to beginning of,poster/1006-end-of-program-with-automatic-rewind-to-beginning-of.png
1007,Optional block skip,poster/1007-optional-block-skip.png
1008,Manual data input,poster/1008-manual-data-input.png
1009,"Axis control, normal (machine follows program)",poster/1009-axis-control-normal-machine-follows-program.png
1010,Axis control in mirror image mode (machine mirrors program),poster/1010-axis-control-in-mirror-image-mode-machine-mirrors-program.png
1011,Reference position,poster/1011-reference-position.png
1012,Co-ordinate basic origin,poster/1012-co-ordinate-basic-origin.png
1013,Absolute program (co- ordinate dimension words),poster/1013-absolute-program-co-ordinate-dimension-words.png
1014,Incremental program (incremental dimension words),poster/1014-incremental-program-incremental-dimension-words.png
1015,Zero offset,poster/1015-zero-offset.png
1016,"Tool offset, non- rotating tool, vertical",poster/1016-tool-offset-non-rotating-tool-vertical.png
1017,"Tool offset, non-rotating tool, horizontal",poster/1017-tool-offset-non-rotating-tool-horizontal.png
1018,Tool length compensation (rotating tool),poster/1018-tool-length-compensation-rotating-tool.png
1019,Tool radius compensation (rotating tool),poster/1019-tool-radius-compensation-rotating-tool.png
1020,Tool diameter compensation (rotating tool),poster/1020-tool-diameter-compensation-rotating-tool.png
1021,Tool tip radius compensation,poster/1021-tool-tip-radius-compensation.png
1022,"Positioning accuracy, fine",poster/1022-positioning-accuracy-fine.png
1023,"Positioning accuracy, normal",poster/1023-positioning-accuracy-normal.png
1024,"Positioning accuracy, coarse",poster/1024-positioning-accuracy-coarse.png
1025,Write data into store,poster/1025-write-data-into-store.png
1026,Read data from store,poster/1026-read-data-from-store.png
1027,Reset,poster/1027-reset.png
1028,Cancel message; delete data,poster/1028-cancel-message-delete-data.png
1029,Reset store contents,poster/1029-reset-store-contents.png
1030,Delete store contents,poster/1030-delete-store-contents.png
1031,Program data error,poster/1031-program-data-error.png
1032,Data carrier fault,poster/1032-data-carrier-fault.png
1033,In position,poster/1033-in-position.png
1034,Storage overflow,poster/1034-storage-overflow.png
1035,Prewarning storage overflow,poster/1035-prewarning-storage-overflow.png
1036,Storage error,poster/1036-storage-error.png
1037,Program storage,poster/1037-program-storage.png
1038,Subroutine,poster/1038-subroutine.png
1039,Subroutine storage,poster/1039-subroutine-storage.png
1040,Program edit,poster/1040-program-edit.png
1041,Editing data in storage,poster/1041-editing-data-in-storage.png
1042,Buffer storage,poster/1042-buffer-storage.png
1043,Repositioning,poster/1043-repositioning.png
1044,Programmed position,poster/1044-programmed-position.png
1045,Actual position,poster/1045-actual-position.png
1046,Position error; servo error,poster/1046-position-error-servo-error.png
1047,Grid point; sub-reference position,poster/1047-grid-point-sub-reference-position.png
1048,Program from external device,poster/1048-program-from-external-device.png
1049,Data carrier input via an alternative device,poster/1049-data-carrier-input-via-an-alternative-device.png
1051,Do not re-use,poster/1051-do-not-re-use.png
1052,Underwinding,poster/1052-underwinding.png
1053,Bobbin; cops,poster/1053-bobbin-cops.png
1054,Top reserve; tip bench,poster/1054-top-reserve-tip-bench.png
1056,Oil; fluid,poster/1056-oil-fluid.png
1058,Neutral zone,poster/1058-neutral-zone.png
1059,Adjust limit; adjust sensitivity,poster/1059-adjust-limit-adjust-sensitivity.png
1060,Fabric transport in exit zone,poster/1060-fabric-transport-in-exit-zone.png
1063,Level too high,poster/1063-level-too-high.png
1064,Level too low,poster/1064-level-too-low.png
1065,Support at centre,poster/1065-support-at-centre.png
1066,Travelling blower,poster/1066-travelling-blower.png
1067,Interruption in material flow,poster/1067-interruption-in-material-flow.png
1068,Piecing/joining material,poster/1068-piecing-joining-material.png
1069,Material thickness,poster/1069-material-thickness.png
1070,Creel,poster/1070-creel.png
1071,Spinning rotor,poster/1071-spinning-rotor.png
1072,Unwind tape,poster/1072-unwind-tape.png
1073,Selvedge control,poster/1073-selvedge-control.png
1074,Selvedge printer,poster/1074-selvedge-printer.png
1075,Added fabric web width adjust smaller,poster/1075-added-fabric-web-width-adjust-smaller.png
1076,Fabric web smoothing,poster/1076-fabric-web-smoothing.png
1077,Guide surface of clamp,poster/1077-guide-surface-of-clamp.png
1078,Link surface of clamping element,poster/1078-link-surface-of-clamping-element.png
1079,Chain link,poster/1079-chain-link.png
1080,Cleaning of chain link,poster/1080-cleaning-of-chain-link.png
1081,Air cushion inlet,poster/1081-air-cushion-inlet.png
1082,Filter-shaking device,poster/1082-filter-shaking-device.png
1084,Pointed table,poster/1084-pointed-table.png
1085,Weld one side/end,poster/1085-weld-one-side-end.png
1086,Weld both sides/ends,poster/1086-weld-both-sides-ends.png
1087,"Seal, longitudinal",poster/1087-seal-longitudinal.png
1088,Dryer of fabric web,poster/1088-dryer-of-fabric-web.png
1089,Steamer; fabric web steamer,poster/1089-steamer-fabric-web-steamer.png
1090,Tentering machine,poster/1090-tentering-machine.png
1091,Hotflue,poster/1091-hotflue.png
1092,Cylindrical silver can,poster/1092-cylindrical-silver-can.png
1094,Roller (front view),poster/1094-roller-front-view.png
1095,Weft or stitch row,poster/1095-weft-or-stitch-row.png
1096,Warp,poster/1096-warp.png
1097,Selvedge,poster/1097-selvedge.png
1098,Guide track in inlet,poster/1098-guide-track-in-inlet.png
1099,Roll of fabric (front view),poster/1099-roll-of-fabric-front-view.png
1100,Overfeed,poster/1100-overfeed.png
1101,Arc of contact,poster/1101-arc-of-contact.png
1102,Sheet loop,poster/1102-sheet-loop.png
1103,Rotating brush,poster/1103-rotating-brush.png
1104,Cross-brush,poster/1104-cross-brush.png
1105,Brush band,poster/1105-brush-band.png
1106,Plaiting,poster/1106-plaiting.png
1107,Write and read data into and from store,poster/1107-write-and-read-data-into-and-from-store.png
1108,"Remote control, switch on; remote control, activate",poster/1108-remote-control-switch-on-remote-control-activate.png
1109,"Remote control, switch off; remote control, deactivate",poster/1109-remote-control-switch-off-remote-control-deactivate.png
1110,Movement to and from the operator,poster/1110-movement-to-and-from-the-operator.png
1111,Movement in two or more steps,poster/1111-movement-in-two-or-more-steps.png
1112,,poster/1112-untitled.png
1113,Load rotation,poster/1113-load-rotation.png
1114,Movement with normal speed in direction of arrow from a fixed position,poster/1114-movement-with-normal-speed-in-direction-of-arrow-from-a-fixe.png
1115,Movement with fast speed in direction of arrow from a fixed position,poster/1115-movement-with-fast-speed-in-direction-of-arrow-from-a-fixed-.png
1116,Movement with normal speed in direction of arrow to a fixed position,poster/1116-movement-with-normal-speed-in-direction-of-arrow-to-a-fixed-.png
1117,Movement with fast speed in direction of arrow to a fixed position,poster/1117-movement-with-fast-speed-in-direction-of-arrow-to-a-fixed-po.png
1118,"Ventilator, general",poster/1118-ventilator-general.png
1120,"Opened, mechanical",poster/1120-opened-mechanical.png
1121,Single exposure technique,poster/1121-single-exposure-technique.png
1122,Serial exposure,poster/1122-serial-exposure.png
1123,Cine radiographic exposure,poster/1123-cine-radiographic-exposure.png
1124,Optical focussing of camera,poster/1124-optical-focussing-of-camera.png
1125,Camera zoom adjustment,poster/1125-camera-zoom-adjustment.png
1126,Film movement in direction of arrow,poster/1126-film-movement-in-direction-of-arrow.png
1127,Take-up magazine,poster/1127-take-up-magazine.png
1128,Feed magazine (for flexible material),poster/1128-feed-magazine-for-flexible-material.png
1129,Recording and play-back,poster/1129-recording-and-play-back.png
1130,Film numbering/identification,poster/1130-film-numbering-identification.png
1131,Interrupt,poster/1131-interrupt.png
1132,Uncollated copies; stacks,poster/1132-uncollated-copies-stacks.png
1133,Collated copies; sets,poster/1133-collated-copies-sets.png
1134,Paper-clips,poster/1134-paper-clips.png
1135,General symbol for recovery/recyclable,poster/1135-general-symbol-for-recovery-recyclable.png
1136,Sort in stacks,poster/1136-sort-in-stacks.png
1137,Photo original,poster/1137-photo-original.png
1138,Remove used master container,poster/1138-remove-used-master-container.png
1139,Fan fold for continuous stationary,poster/1139-fan-fold-for-continuous-stationary.png
1140,Ready (to operate),poster/1140-ready-to-operate.png
1142,Working light,poster/1142-working-light.png
1143,Telescoping light mast,poster/1143-telescoping-light-mast.png
1144,Stairs light,poster/1144-stairs-light.png
1145,Working spot light for street cleaning and winter service vehicle,poster/1145-working-spot-light-for-street-cleaning-and-winter-service-ve.png
1146,Reversing lamp; back-up lamp,poster/1146-reversing-lamp-back-up-lamp.png
1147,Hydraulic oil,poster/1147-hydraulic-oil.png
1148,Hydraulic fluid,poster/1148-hydraulic-fluid.png
1149,"Connect compressed air coupling; compressed air coupling, engaged",poster/1149-connect-compressed-air-coupling-compressed-air-coupling-enga.png
1150,"Disconnect compressed air coupling; compressed air coupling, disengaged",poster/1150-disconnect-compressed-air-coupling-compressed-air-coupling-d.png
1151,"Limit switch, general",poster/1151-limit-switch-general.png
1152,Battery open,poster/1152-battery-open.png
1153,"Electric generator, rotating, general",poster/1153-electric-generator-rotating-general.png
1154,"Pull switch, switch position pulled; pull to activate",poster/1154-pull-switch-switch-position-pulled-pull-to-activate.png
1155,"Pull switch, switch position pushed in; push to deactivate",poster/1155-pull-switch-switch-position-pushed-in-push-to-deactivate.png
1156,Engine; reciprocating internal combustion engine,poster/1156-engine-reciprocating-internal-combustion-engine.png
1157,Exhaust gate,poster/1157-exhaust-gate.png
1161,Automatic transmission,poster/1161-automatic-transmission.png
1162,Shifted transmission,poster/1162-shifted-transmission.png
1163,"Power take-off, off",poster/1163-power-take-off-off.png
1164,"Power take-off, on",poster/1164-power-take-off-on.png
1165,Power take-off,poster/1165-power-take-off.png
1167,Transmission oil- pressure,poster/1167-transmission-oil-pressure.png
1169,Transmission oil-filter,poster/1169-transmission-oil-filter.png
1170,Engine intake air filter; engine combustion air filter,poster/1170-engine-intake-air-filter-engine-combustion-air-filter.png
1171,Hydraulic clutch,poster/1171-hydraulic-clutch.png
1172,Magnetic clutch,poster/1172-magnetic-clutch.png
1173,"Brake, general",poster/1173-brake-general.png
1174,Handbrake engaged,poster/1174-handbrake-engaged.png
1175,Handbrake disengaged,poster/1175-handbrake-disengaged.png
1176,Winch,poster/1176-winch.png
1177,Platform controlled; operation from working basket,poster/1177-platform-controlled-operation-from-working-basket.png
1179,"Alarm with siren; siren, general",poster/1179-alarm-with-siren-siren-general.png
1180,Engine shut-off,poster/1180-engine-shut-off.png
1181,Main panel,poster/1181-main-panel.png
1182,Remote panel,poster/1182-remote-panel.png
1183,Lower fork,poster/1183-lower-fork.png
1184,Raise fork,poster/1184-raise-fork.png
1185,Tilt forward,poster/1185-tilt-forward.png
1186,Tilt rearward,poster/1186-tilt-rearward.png
1187,Extend reach,poster/1187-extend-reach.png
1188,Retract reach,poster/1188-retract-reach.png
1189,Side shift to left,poster/1189-side-shift-to-left.png
1190,Side shift to right,poster/1190-side-shift-to-right.png
1191,Fork spread open,poster/1191-fork-spread-open.png
1192,Fork spread close,poster/1192-fork-spread-close.png
1193,Swing anticlockwise,poster/1193-swing-anticlockwise.png
1194,Swing clockwise,poster/1194-swing-clockwise.png
1195,Release load stabilizer,poster/1195-release-load-stabilizer.png
1196,Clamp load stabilizer,poster/1196-clamp-load-stabilizer.png
1197,Extend load,poster/1197-extend-load.png
1198,Cabin up,poster/1198-cabin-up.png
1199,Cabin down,poster/1199-cabin-down.png
1200,Power take-off,poster/1200-power-take-off.png
1203,"All-wheel drive, 4",poster/1203-all-wheel-drive-4.png
1204,Work light,poster/1204-work-light.png
1205,Body up/down: lift and lower container,poster/1205-body-up-down-lift-and-lower-container.png
1206,Raising of main jib,poster/1206-raising-of-main-jib.png
1207,Lowering of main jib,poster/1207-lowering-of-main-jib.png
1208,Straightening of flying jib,poster/1208-straightening-of-flying-jib.png
1209,Bending of flying jib,poster/1209-bending-of-flying-jib.png
1210,Clockwise rotation of crane pillar,poster/1210-clockwise-rotation-of-crane-pillar.png
1211,Anticlockwise rotation of crane pillar,poster/1211-anticlockwise-rotation-of-crane-pillar.png
1212,Extending of main jib,poster/1212-extending-of-main-jib.png
1213,Retracting of main jib,poster/1213-retracting-of-main-jib.png
1214,Extending of flying jib,poster/1214-extending-of-flying-jib.png
1215,Retracting of flying jib,poster/1215-retracting-of-flying-jib.png
1216,Anticlockwise rotation of load suspending device,poster/1216-anticlockwise-rotation-of-load-suspending-device.png
1217,Clockwise rotation of load suspending device,poster/1217-clockwise-rotation-of-load-suspending-device.png
1218,Straightening/erection of crane pillar,poster/1218-straightening-erection-of-crane-pillar.png
1219,Lowering/folding down of crane pillar,poster/1219-lowering-folding-down-of-crane-pillar.png
1220,"Central locking of axle, on; axle centrally locked",poster/1220-central-locking-of-axle-on-axle-centrally-locked.png
1221,"Central locking of axle, off; axle centrally released",poster/1221-central-locking-of-axle-off-axle-centrally-released.png
1223,"Right stabilizers extended, support right",poster/1223-right-stabilizers-extended-support-right.png
1224,"Left stabilizers extended, support left",poster/1224-left-stabilizers-extended-support-left.png
1225,Right front stabilizers extended,poster/1225-right-front-stabilizers-extended.png
1226,Left front stabilizers extended,poster/1226-left-front-stabilizers-extended.png
1227,Left rear stabilizers extended,poster/1227-left-rear-stabilizers-extended.png
1228,Right rear stabilizers extended,poster/1228-right-rear-stabilizers-extended.png
1229,Brush roller pressed,poster/1229-brush-roller-pressed.png
1230,Brush roller pressure released,poster/1230-brush-roller-pressure-released.png
1231,Scattering pattern; spread pattern,poster/1231-scattering-pattern-spread-pattern.png
1232,Quantity scattering material; spreading quantity,poster/1232-quantity-scattering-material-spreading-quantity.png
1233,Scattering amplitude; spreading width,poster/1233-scattering-amplitude-spreading-width.png
1234,Snow plough,poster/1234-snow-plough.png
1235,"Snow plough down, free motion",poster/1235-snow-plough-down-free-motion.png
1236,"Swing snow plough, free motion",poster/1236-swing-snow-plough-free-motion.png
1237,Disk brush,poster/1237-disk-brush.png
1238,Suction pipe prolongation,poster/1238-suction-pipe-prolongation.png
1239,Litter recipient; pick-up device for coarse debris,poster/1239-litter-recipient-pick-up-device-for-coarse-debris.png
1240,Sprinkler water; spray water for pick-up device,poster/1240-sprinkler-water-spray-water-for-pick-up-device.png
1241,Dirt scraper/scratcher,poster/1241-dirt-scraper-scratcher.png
1242,Lift/lower loading bucket,poster/1242-lift-lower-loading-bucket.png
1243,Active litter comprehension,poster/1243-active-litter-comprehension.png
1244,Clear loading bucket,poster/1244-clear-loading-bucket.png
1245,Active litter sucker,poster/1245-active-litter-sucker.png
1246,Elevating platform up,poster/1246-elevating-platform-up.png
1247,Elevating platform down,poster/1247-elevating-platform-down.png
1248,Boom with 4,poster/1248-boom-with-4.png
1249,Roller brush,poster/1249-roller-brush.png
1250,Vibrator of sweeper,poster/1250-vibrator-of-sweeper.png
1251,Dust filter of sweeper,poster/1251-dust-filter-of-sweeper.png
1252,Litter/pusher,poster/1252-litter-pusher.png
1253,Boom with 4,poster/1253-boom-with-4.png
1254,Boom with 4,poster/1254-boom-with-4.png
1255,Boom with 4,poster/1255-boom-with-4.png
1256,Boom with 3,poster/1256-boom-with-3.png
1257,Boom with 3,poster/1257-boom-with-3.png
1258,Boom with 3,poster/1258-boom-with-3.png
1259,Boom with 3,poster/1259-boom-with-3.png
1260,Boom with 3,poster/1260-boom-with-3.png
1261,Boom with 3,poster/1261-boom-with-3.png
1262,Boom with 4,poster/1262-boom-with-4.png
1263,Boom with 4,poster/1263-boom-with-4.png
1264,Boom with 4,poster/1264-boom-with-4.png
1265,Boom with 4,poster/1265-boom-with-4.png
1266,Extended stabilizers; swinging-out of stabilizer,poster/1266-extended-stabilizers-swinging-out-of-stabilizer.png
1267,Retract stabilizers; swinging- back of stabilizer,poster/1267-retract-stabilizers-swinging-back-of-stabilizer.png
1268,Body up/down,poster/1268-body-up-down.png
1269,Boom telescopic adjustment,poster/1269-boom-telescopic-adjustment.png
1270,Platform up/down,poster/1270-platform-up-down.png
1271,Boom up/down,poster/1271-boom-up-down.png
1272,Boom rotation,poster/1272-boom-rotation.png
1273,Upper boom up/down,poster/1273-upper-boom-up-down.png
1274,Lower boom up/down,poster/1274-lower-boom-up-down.png
1275,Boom assay rotation,poster/1275-boom-assay-rotation.png
1276,Platform swivel movement,poster/1276-platform-swivel-movement.png
1277,Boom telescopic adjustment up/down,poster/1277-boom-telescopic-adjustment-up-down.png
1278,Stairs extended,poster/1278-stairs-extended.png
1279,Stairs retracted,poster/1279-stairs-retracted.png
1280,Platform adjustment up/down,poster/1280-platform-adjustment-up-down.png
1281,Extended bridge,poster/1281-extended-bridge.png
1282,Retract bridge,poster/1282-retract-bridge.png
1283,Bridge up,poster/1283-bridge-up.png
1284,Bridge down,poster/1284-bridge-down.png
1285,Bridge to left,poster/1285-bridge-to-left.png
1286,Bridge to right,poster/1286-bridge-to-right.png
1287,Canopy out,poster/1287-canopy-out.png
1288,Canopy in,poster/1288-canopy-in.png
1289,Open roller curtain,poster/1289-open-roller-curtain.png
1290,Close roller curtain,poster/1290-close-roller-curtain.png
1291,"Right stabilizer, down",poster/1291-right-stabilizer-down.png
1292,"Right stabilizer, up",poster/1292-right-stabilizer-up.png
1293,"Extend stabilizers, general",poster/1293-extend-stabilizers-general.png
1294,"Retract stabilizers, general",poster/1294-retract-stabilizers-general.png
1295,Retractable power drive unit,poster/1295-retractable-power-drive-unit.png
1296,Fixed-height power drive unit,poster/1296-fixed-height-power-drive-unit.png
1297,Belt module up/down,poster/1297-belt-module-up-down.png
1298,Left hand guide rail,poster/1298-left-hand-guide-rail.png
1299,Right hand guide rail,poster/1299-right-hand-guide-rail.png
1300,Rear stops,poster/1300-rear-stops.png
1301,Portable fire extinguisher,poster/1301-portable-fire-extinguisher.png
1302,Movable fire extinguisher,poster/1302-movable-fire-extinguisher.png
1303,Bucket sprayer,poster/1303-bucket-sprayer.png
1304,Fire extinguisher (powder),poster/1304-fire-extinguisher-powder.png
1305,Fire extinguisher (halogen),poster/1305-fire-extinguisher-halogen.png
1306,Fire extinguisher (CO2),poster/1306-fire-extinguisher-co2.png
1307,Fire extinguisher (foam),poster/1307-fire-extinguisher-foam.png
1308,Clutch,poster/1308-clutch.png
1309,Grease,poster/1309-grease.png
1310,Special tools,poster/1310-special-tools.png
1311,Prevent failure,poster/1311-prevent-failure.png
1312,"Lifting jack, hydraulic",poster/1312-lifting-jack-hydraulic.png
1313,"Lifting jack, mechanic",poster/1313-lifting-jack-mechanic.png
1314,"Centralized lube system for grease, manually operated",poster/1314-centralized-lube-system-for-grease-manually-operated.png
1315,"Centralized lube system for oil, manually operated",poster/1315-centralized-lube-system-for-oil-manually-operated.png
1316,"Centralized lube system for grease, automatic",poster/1316-centralized-lube-system-for-grease-automatic.png
1317,"Centralized lube system for oil, automatic; central lubrication",poster/1317-centralized-lube-system-for-oil-automatic-central-lubricatio.png
1318,Dipstick,poster/1318-dipstick.png
1319,Firing order,poster/1319-firing-order.png
1320,"Pressurized, open slowly",poster/1320-pressurized-open-slowly.png
1321,,poster/1321-untitled.png
1322,Water balance for levelling (horizontally),poster/1322-water-balance-for-levelling-horizontally.png
1323,Water balance for levelling (vertically),poster/1323-water-balance-for-levelling-vertically.png
1325,Rough service/conditions,poster/1325-rough-service-conditions.png
1326,Acknowledgement,poster/1326-acknowledgement.png
1327,Collision protection,poster/1327-collision-protection.png
1328,Deceleration at corners,poster/1328-deceleration-at-corners.png
1329,Laser beam; radiation of laser apparatus,poster/1329-laser-beam-radiation-of-laser-apparatus.png
1330,Laser head,poster/1330-laser-head.png
1331,Cutting torch,poster/1331-cutting-torch.png
1332,3-torch bevel head,poster/1332-3-torch-bevel-head.png
1333,"3-torch bevel head, right hand torch only",poster/1333-3-torch-bevel-head-right-hand-torch-only.png
1334,"3-torch bevel head, left hand torch only",poster/1334-3-torch-bevel-head-left-hand-torch-only.png
1335,"3-torch bevel head, centre torch only",poster/1335-3-torch-bevel-head-centre-torch-only.png
1336,"Plasma torch, mechanical",poster/1336-plasma-torch-mechanical.png
1337,Preheating,poster/1337-preheating.png
1338,Intense preheating,poster/1338-intense-preheating.png
1339,Time duration of intense preheating,poster/1339-time-duration-of-intense-preheating.png
1340,Heating and cutting oxygen,poster/1340-heating-and-cutting-oxygen.png
1341,Cutting oxygen,poster/1341-cutting-oxygen.png
1342,"Piercing, from the middle",poster/1342-piercing-from-the-middle.png
1343,Start of cut from plate edge,poster/1343-start-of-cut-from-plate-edge.png
1344,Tool-to-plate separation control,poster/1344-tool-to-plate-separation-control.png
1345,Constant tool-to-plate separation on plate edge,poster/1345-constant-tool-to-plate-separation-on-plate-edge.png
1346,Constant tool-to-plate separation on plate corner,poster/1346-constant-tool-to-plate-separation-on-plate-corner.png
1347,"Tracing, photoelectric",poster/1347-tracing-photoelectric.png
1348,"Tracing, photoelectric; drawing document scale",poster/1348-tracing-photoelectric-drawing-document-scale.png
1349,"Tracing, photoelectric; head orientation",poster/1349-tracing-photoelectric-head-orientation.png
1350,"Tracing, photoelectric; direction of continuous rotation",poster/1350-tracing-photoelectric-direction-of-continuous-rotation.png
1351,"Left-hand edge tracing, photoelectric",poster/1351-left-hand-edge-tracing-photoelectric.png
1352,"Right-hand edge tracing, photoelectric",poster/1352-right-hand-edge-tracing-photoelectric.png
1353,"Tracing, photoelectric; automatic search for template",poster/1353-tracing-photoelectric-automatic-search-for-template.png
1354,Water muffler,poster/1354-water-muffler.png
1355,Clamping outside,poster/1355-clamping-outside.png
1356,Clamping inside,poster/1356-clamping-inside.png
1357,Clamping in fixed position,poster/1357-clamping-in-fixed-position.png
1358,Tool carriage,poster/1358-tool-carriage.png
1359,Tool slide,poster/1359-tool-slide.png
1360,Vacuum,poster/1360-vacuum.png
1361,Work table,poster/1361-work-table.png
1362,Work table with water-basin,poster/1362-work-table-with-water-basin.png
1363,Work table with fume suction,poster/1363-work-table-with-fume-suction.png
1364,"Variability, rotational adjustment",poster/1364-variability-rotational-adjustment.png
1365,Start/crank,poster/1365-start-crank.png
1366,Hour meter; elapsed operating hours,poster/1366-hour-meter-elapsed-operating-hours.png
1367,Hand accelerator control; hand throttle,poster/1367-hand-accelerator-control-hand-throttle.png
1368,Lift point,poster/1368-lift-point.png
1369,Filter,poster/1369-filter.png
1370,"Engine start aid, primer",poster/1370-engine-start-aid-primer.png
1371,Engine failure; engine malfunction,poster/1371-engine-failure-engine-malfunction.png
1372,Engine lubricating oil,poster/1372-engine-lubricating-oil.png
1373,Engine lubricating oil level,poster/1373-engine-lubricating-oil-level.png
1374,Engine lubricating oil pressure,poster/1374-engine-lubricating-oil-pressure.png
1375,Engine lubricating oil temperature,poster/1375-engine-lubricating-oil-temperature.png
1376,Engine lubricating oil filter,poster/1376-engine-lubricating-oil-filter.png
1377,Engine coolant,poster/1377-engine-coolant.png
1378,Engine coolant level,poster/1378-engine-coolant-level.png
1379,Engine coolant pressure,poster/1379-engine-coolant-pressure.png
1380,Engine coolant temperature,poster/1380-engine-coolant-temperature.png
1381,Engine intake; combustion air,poster/1381-engine-intake-combustion-air.png
1382,Engine intake pressure; combustion air pressure,poster/1382-engine-intake-pressure-combustion-air-pressure.png
1383,Engine intake temperature; combustion air temperature,poster/1383-engine-intake-temperature-combustion-air-temperature.png
1384,Engine exhaust gas,poster/1384-engine-exhaust-gas.png
1385,Engine exhaust gas pressure,poster/1385-engine-exhaust-gas-pressure.png
1386,Engine exhaust gas temperature,poster/1386-engine-exhaust-gas-temperature.png
1387,Engine start,poster/1387-engine-start.png
1388,Engine stop,poster/1388-engine-stop.png
1389,Engine rotational speed (revolutions per minute),poster/1389-engine-rotational-speed-revolutions-per-minute.png
1390,Heat exchanger; coolant fluid radiator; radiator,poster/1390-heat-exchanger-coolant-fluid-radiator-radiator.png
1391,Fuel system failure/malfunction,poster/1391-fuel-system-failure-malfunction.png
1392,Fuel pressure,poster/1392-fuel-pressure.png
1393,Fuel filter,poster/1393-fuel-filter.png
1394,Fuel temperature,poster/1394-fuel-temperature.png
1397,Transmission oil,poster/1397-transmission-oil.png
1399,Brake system,poster/1399-brake-system.png
1400,Brake oil/fluid,poster/1400-brake-oil-fluid.png
1401,Brake fluid level,poster/1401-brake-fluid-level.png
1402,Brake system pressure,poster/1402-brake-system-pressure.png
1404,Brake system filter,poster/1404-brake-system-filter.png
1405,"Brake system, first circuit",poster/1405-brake-system-first-circuit.png
1406,"Brake system, second circuit",poster/1406-brake-system-second-circuit.png
1407,"Anti-lock brake system, failure",poster/1407-anti-lock-brake-system-failure.png
1408,Worn brake linings,poster/1408-worn-brake-linings.png
1409,Hydraulic system,poster/1409-hydraulic-system.png
1410,Hydraulic system failure/malfunction,poster/1410-hydraulic-system-failure-malfunction.png
1411,Hydraulic oil,poster/1411-hydraulic-oil.png
1412,Hydraulic oil level,poster/1412-hydraulic-oil-level.png
1413,Hydraulic oil pressure,poster/1413-hydraulic-oil-pressure.png
1414,Hydraulic oil temperature,poster/1414-hydraulic-oil-temperature.png
1415,Hydraulic oil filter,poster/1415-hydraulic-oil-filter.png
1416,Front axle drive 4,poster/1416-front-axle-drive-4.png
1417,Rear axle drive 4,poster/1417-rear-axle-drive-4.png
1419,"Turn signals, first trailer",poster/1419-turn-signals-first-trailer.png
1420,"Turn signals, second trailer",poster/1420-turn-signals-second-trailer.png
1422,Windscreen washer fluid; windshield washer fluid,poster/1422-windscreen-washer-fluid-windshield-washer-fluid.png
1423,Rear window washer fluid,poster/1423-rear-window-washer-fluid.png
1425,"Side (lateral) window, demisting and defrosting",poster/1425-side-lateral-window-demisting-and-defrosting.png
1426,"Exterior rear view mirror, heating, horizontal type",poster/1426-exterior-rear-view-mirror-heating-horizontal-type.png
1427,"Exterior rear view mirror, 4-way adjustment, horizontal type",poster/1427-exterior-rear-view-mirror-4-way-adjustment-horizontal-type.png
1428,"Seat adjustment, longitudinal (fore and aft)",poster/1428-seat-adjustment-longitudinal-fore-and-aft.png
1429,"Seat adjustment, seat back recline",poster/1429-seat-adjustment-seat-back-recline.png
1430,Seat height adjustment,poster/1430-seat-height-adjustment.png
1431,"Seat height adjustment, cushion front",poster/1431-seat-height-adjustment-cushion-front.png
1432,"Seat height adjustment, cushion rear",poster/1432-seat-height-adjustment-cushion-rear.png
1433,Seat headrest height adjustment,poster/1433-seat-headrest-height-adjustment.png
1435,Tyre pressure,poster/1435-tyre-pressure.png
1436,"Control lever operating direction, dual direction",poster/1436-control-lever-operating-direction-dual-direction.png
1437,Loader bucket,poster/1437-loader-bucket.png
1438,"Loader bucket, raise",poster/1438-loader-bucket-raise.png
1439,"Loader bucket, lower",poster/1439-loader-bucket-lower.png
1440,"Loader bucket, hold",poster/1440-loader-bucket-hold.png
1441,"Loader bucket, float",poster/1441-loader-bucket-float.png
1442,"Loader bucket, dump",poster/1442-loader-bucket-dump.png
1443,"Loader bucket, rollback",poster/1443-loader-bucket-rollback.png
1445,Multi-purpose bucket,poster/1445-multi-purpose-bucket.png
1446,"Multi-purpose bucket, open",poster/1446-multi-purpose-bucket-open.png
1447,"Multi-purpose bucket, close",poster/1447-multi-purpose-bucket-close.png
1448,"Multi-purpose bucket, hold",poster/1448-multi-purpose-bucket-hold.png
1449,"Side dump bucket, dump",poster/1449-side-dump-bucket-dump.png
1450,"Side dump bucket, return",poster/1450-side-dump-bucket-return.png
1451,Dozer blade,poster/1451-dozer-blade.png
1452,"Dozer blade, raise",poster/1452-dozer-blade-raise.png
1453,"Dozer blade, lower",poster/1453-dozer-blade-lower.png
1454,"Dozer blade, hold",poster/1454-dozer-blade-hold.png
1455,"Dozer blade, float",poster/1455-dozer-blade-float.png
1456,"Dozer blade, tilt right",poster/1456-dozer-blade-tilt-right.png
1457,"Dozer blade, tilt left",poster/1457-dozer-blade-tilt-left.png
1458,"Dozer blade, angle right",poster/1458-dozer-blade-angle-right.png
1459,"Dozer blade, angle left",poster/1459-dozer-blade-angle-left.png
1460,"Dozer blade, pitch rearward",poster/1460-dozer-blade-pitch-rearward.png
1461,"Dozer blade, pitch forward",poster/1461-dozer-blade-pitch-forward.png
1462,Direct burial plough,poster/1462-direct-burial-plough.png
1463,"Direct burial plough, raise",poster/1463-direct-burial-plough-raise.png
1464,"Direct burial plough, lower",poster/1464-direct-burial-plough-lower.png
1465,"Direct burial plough, hold",poster/1465-direct-burial-plough-hold.png
1466,"Direct burial plough, pitch in",poster/1466-direct-burial-plough-pitch-in.png
1467,"Direct burial plough, pitch out",poster/1467-direct-burial-plough-pitch-out.png
1468,"Excavator/backhoe, hoe equipment",poster/1468-excavator-backhoe-hoe-equipment.png
1469,"Excavator/backhoe, boom, lower",poster/1469-excavator-backhoe-boom-lower.png
1470,"Excavator/backhoe, boom, raise",poster/1470-excavator-backhoe-boom-raise.png
1471,"Excavator/backhoe, boom, retract",poster/1471-excavator-backhoe-boom-retract.png
1472,"Excavator/backhoe, boom, extend",poster/1472-excavator-backhoe-boom-extend.png
1473,"Excavator/backhoe, arm, in",poster/1473-excavator-backhoe-arm-in.png
1474,"Excavator/backhoe, arm, out",poster/1474-excavator-backhoe-arm-out.png
1475,"Excavator/backhoe, arm, extend",poster/1475-excavator-backhoe-arm-extend.png
1476,"Excavator/backhoe, arm, retract",poster/1476-excavator-backhoe-arm-retract.png
1477,"Excavator/backhoe, bucket, dump",poster/1477-excavator-backhoe-bucket-dump.png
1478,"Excavator/backhoe, bucket, dig (rollback)",poster/1478-excavator-backhoe-bucket-dig-rollback.png
1479,"Excavator/backhoe, boom, swing right",poster/1479-excavator-backhoe-boom-swing-right.png
1480,"Excavator/backhoe, boom, swing left",poster/1480-excavator-backhoe-boom-swing-left.png
1481,"Excavator/backhoe, boom, swing lock",poster/1481-excavator-backhoe-boom-swing-lock.png
1482,"Excavator/backhoe, boom, swing brake",poster/1482-excavator-backhoe-boom-swing-brake.png
1483,"Excavator/backhoe, boom, side shift left",poster/1483-excavator-backhoe-boom-side-shift-left.png
1484,"Excavator/backhoe, boom, side shift right",poster/1484-excavator-backhoe-boom-side-shift-right.png
1485,"Excavator/backhoe, boom, side shift lock",poster/1485-excavator-backhoe-boom-side-shift-lock.png
1486,"Excavator/backhoe, boom, transport lock",poster/1486-excavator-backhoe-boom-transport-lock.png
1487,"Excavator/shovel, shovel equipment",poster/1487-excavator-shovel-shovel-equipment.png
1488,"Excavator/shovel, boom, lower",poster/1488-excavator-shovel-boom-lower.png
1489,"Excavator/shovel, boom, raise",poster/1489-excavator-shovel-boom-raise.png
1490,"Excavator/shovel, arm, out",poster/1490-excavator-shovel-arm-out.png
1491,"Excavator/shovel, arm, in",poster/1491-excavator-shovel-arm-in.png
1492,"Excavator/shovel. bucket, dump",poster/1492-excavator-shovel-bucket-dump.png
1493,"Excavator/shovel, bucket, dig (rollback)",poster/1493-excavator-shovel-bucket-dig-rollback.png
1494,Clamshell bucket,poster/1494-clamshell-bucket.png
1495,"Clamshell bucket, open",poster/1495-clamshell-bucket-open.png
1496,"Clamshell bucket, close",poster/1496-clamshell-bucket-close.png
1497,"Clamshell bucket, rotate clockwise",poster/1497-clamshell-bucket-rotate-clockwise.png
1498,"Clamshell bucket, rotate anticlockwise",poster/1498-clamshell-bucket-rotate-anticlockwise.png
1499,Grapple,poster/1499-grapple.png
1500,"Grapple, open",poster/1500-grapple-open.png
1501,"Grapple, close",poster/1501-grapple-close.png
1502,"Grapple, rotate",poster/1502-grapple-rotate.png
1503,Grader blade,poster/1503-grader-blade.png
1504,"Grader blade, raise right side",poster/1504-grader-blade-raise-right-side.png
1505,"Grader blade, lower right side",poster/1505-grader-blade-lower-right-side.png
1506,"Grader blade, raise left side",poster/1506-grader-blade-raise-left-side.png
1507,"Grader blade, lower left side",poster/1507-grader-blade-lower-left-side.png
1508,"Grader blade, side shift right",poster/1508-grader-blade-side-shift-right.png
1509,"Grader blade, side shift left",poster/1509-grader-blade-side-shift-left.png
1510,"Grader blade, rotate clockwise",poster/1510-grader-blade-rotate-clockwise.png
1511,"Grader blade, rotate anticlockwise",poster/1511-grader-blade-rotate-anticlockwise.png
1512,"Grader blade circle, shift right",poster/1512-grader-blade-circle-shift-right.png
1513,"Grader blade circle, shift left",poster/1513-grader-blade-circle-shift-left.png
1514,Front scarifier,poster/1514-front-scarifier.png
1515,"Front scarifier, raise",poster/1515-front-scarifier-raise.png
1516,"Front scarifier, lower",poster/1516-front-scarifier-lower.png
1517,"Grader, wheel lean, right",poster/1517-grader-wheel-lean-right.png
1518,"Grader, wheel lean, left",poster/1518-grader-wheel-lean-left.png
1519,"Dumper body, tip up",poster/1519-dumper-body-tip-up.png
1520,"Dumper body, return",poster/1520-dumper-body-return.png
1521,"Dumper body, hold",poster/1521-dumper-body-hold.png
1522,"Dumper body, float",poster/1522-dumper-body-float.png
1523,Scraper bowl,poster/1523-scraper-bowl.png
1524,"Scraper bowl, raise",poster/1524-scraper-bowl-raise.png
1525,"Scraper bowl, lower",poster/1525-scraper-bowl-lower.png
1526,"Scraper bowl, hold",poster/1526-scraper-bowl-hold.png
1527,"Scraper apron, raise",poster/1527-scraper-apron-raise.png
1528,"Scraper apron, lower",poster/1528-scraper-apron-lower.png
1529,"Scraper apron, hold",poster/1529-scraper-apron-hold.png
1530,"Scraper apron, float",poster/1530-scraper-apron-float.png
1531,"Scraper ejector, eject",poster/1531-scraper-ejector-eject.png
1532,"Scraper ejector, return",poster/1532-scraper-ejector-return.png
1533,"Scraper ejector, hold",poster/1533-scraper-ejector-hold.png
1534,"Scraper elevator, load",poster/1534-scraper-elevator-load.png
1535,"Scraper elevator, unload",poster/1535-scraper-elevator-unload.png
1537,"Right stabilizer, retract",poster/1537-right-stabilizer-retract.png
1538,"Winch, spool in",poster/1538-winch-spool-in.png
1539,"Winch, spool out",poster/1539-winch-spool-out.png
1540,"Winch, free spool",poster/1540-winch-free-spool.png
1541,Diesel fuel,poster/1541-diesel-fuel.png
1542,Air-cooled oil cooler,poster/1542-air-cooled-oil-cooler.png
1543,Liquid-cooled oil cooler,poster/1543-liquid-cooled-oil-cooler.png
1544,Air-to-air charge air cooler,poster/1544-air-to-air-charge-air-cooler.png
1545,Air-to-water charge air cooler,poster/1545-air-to-water-charge-air-cooler.png
1546,Water-to-water heat exchanger (keel cooler),poster/1546-water-to-water-heat-exchanger-keel-cooler.png
1547,"Engine-start aid, gas injection",poster/1547-engine-start-aid-gas-injection.png
1548,"Liquid-cooled oil cooler, oil outlet temperature",poster/1548-liquid-cooled-oil-cooler-oil-outlet-temperature.png
1549,Engine-exhaust-gas coolant temperature,poster/1549-engine-exhaust-gas-coolant-temperature.png
1550,"Charge air cooler, coolant inlet temperature",poster/1550-charge-air-cooler-coolant-inlet-temperature.png
1551,Fuel level,poster/1551-fuel-level.png
1552,Pneumatic system pressure,poster/1552-pneumatic-system-pressure.png
1553,"Pneumatic system, high pressure",poster/1553-pneumatic-system-high-pressure.png
1554,"Pneumatic system, low pressure",poster/1554-pneumatic-system-low-pressure.png
1555,Exterior bulb failure,poster/1555-exterior-bulb-failure.png
1556,Instrumental illumination,poster/1556-instrumental-illumination.png
1557,Load tipping,poster/1557-load-tipping.png
1558,"Fifth wheel, longitudinal adjustment",poster/1558-fifth-wheel-longitudinal-adjustment.png
1559,Axle lifting,poster/1559-axle-lifting.png
1560,Cab lock,poster/1560-cab-lock.png
1561,Winch,poster/1561-winch.png
1562,Engine coolant filter,poster/1562-engine-coolant-filter.png
1563,"Volume, empty",poster/1563-volume-empty.png
1564,"Volume, half full",poster/1564-volume-half-full.png
1565,"Volume, full",poster/1565-volume-full.png
1566,Rockshaft,poster/1566-rockshaft.png
1567,"Rockshaft, up",poster/1567-rockshaft-up.png
1568,"Rockshaft, down",poster/1568-rockshaft-down.png
1569,Remote hydraulic cylinder,poster/1569-remote-hydraulic-cylinder.png
1570,"Remote hydraulic cylinder, extend",poster/1570-remote-hydraulic-cylinder-extend.png
1571,"Remote hydraulic cylinder, retract",poster/1571-remote-hydraulic-cylinder-retract.png
1572,Power take-off (PTO),poster/1572-power-take-off-pto.png
1573,Chopper,poster/1573-chopper.png
1574,Threshing cylinder,poster/1574-threshing-cylinder.png
1575,Straw walker,poster/1575-straw-walker.png
1576,"Combine, grain elevator/auger",poster/1576-combine-grain-elevator-auger.png
1577,"Combine, tailings elevator/auger",poster/1577-combine-tailings-elevator-auger.png
1578,"Combine, separator drive",poster/1578-combine-separator-drive.png
1579,Header; header drive; crop divider,poster/1579-header-header-drive-crop-divider.png
1580,"Header drive, reverse",poster/1580-header-drive-reverse.png
1581,Header height,poster/1581-header-height.png
1582,Reel; reel drive,poster/1582-reel-reel-drive.png
1583,Reel height,poster/1583-reel-height.png
1584,Reel distance,poster/1584-reel-distance.png
1585,Concave adjustment,poster/1585-concave-adjustment.png
1586,Sieve adjustment,poster/1586-sieve-adjustment.png
1587,"Unloader, swing out",poster/1587-unloader-swing-out.png
1588,"Unloader, swing in",poster/1588-unloader-swing-in.png
1589,"Unloader drive, engage",poster/1589-unloader-drive-engage.png
1590,Cotton picking unit,poster/1590-cotton-picking-unit.png
1591,"Cotton picking unit, up",poster/1591-cotton-picking-unit-up.png
1592,"Cotton picking unit, down",poster/1592-cotton-picking-unit-down.png
1593,Basket,poster/1593-basket.png
1594,"Forage harvester, spout",poster/1594-forage-harvester-spout.png
1595,"Forage harvester, spout deflector, up",poster/1595-forage-harvester-spout-deflector-up.png
1596,"Forage harvester, spout deflector, down",poster/1596-forage-harvester-spout-deflector-down.png
1597,Cleaning fan,poster/1597-cleaning-fan.png
1598,Fuel and oil mixture,poster/1598-fuel-and-oil-mixture.png
1599,Chain-oil fill; oil pump,poster/1599-chain-oil-fill-oil-pump.png
1600,"Heated handle, temperature control",poster/1600-heated-handle-temperature-control.png
1601,"Engine, manual start",poster/1601-engine-manual-start.png
1604,Intake air,poster/1604-intake-air.png
1605,Exhaust gas,poster/1605-exhaust-gas.png
1615,Sampling,poster/1615-sampling.png
1616,Fabric away from selvedge feeler/monitor,poster/1616-fabric-away-from-selvedge-feeler-monitor.png
1617,Fabric covering selvedge feeler/monitor,poster/1617-fabric-covering-selvedge-feeler-monitor.png
1618,Fabric selvedge position,poster/1618-fabric-selvedge-position.png
1619,Steaming drum/cylinder,poster/1619-steaming-drum-cylinder.png
1620,Belt tension monitor,poster/1620-belt-tension-monitor.png
1621,Pile-raising roll up,poster/1621-pile-raising-roll-up.png
1622,Raise shearing cylinder,poster/1622-raise-shearing-cylinder.png
1623,Lower shearing cylinder,poster/1623-lower-shearing-cylinder.png
1624,Knitted fabric,poster/1624-knitted-fabric.png
1625,Woven fabric,poster/1625-woven-fabric.png
1626,Measurement,poster/1626-measurement.png
1627,Do not intervene; do not operate,poster/1627-do-not-intervene-do-not-operate.png
1628,Setting too high,poster/1628-setting-too-high.png
1629,Setting too low,poster/1629-setting-too-low.png
1630,Stop valve with diaphragm actuation,poster/1630-stop-valve-with-diaphragm-actuation.png
1631,Shut-off butterfly,poster/1631-shut-off-butterfly.png
1632,Feeler outside measuring range,poster/1632-feeler-outside-measuring-range.png
1633,Fabric control in end position,poster/1633-fabric-control-in-end-position.png
1634,Drum,poster/1634-drum.png
1635,Calendering by felt belt (felt calender),poster/1635-calendering-by-felt-belt-felt-calender.png
1636,Calendering by rubber belt (rubber calender),poster/1636-calendering-by-rubber-belt-rubber-calender.png
1637,Feeler inside measuring range,poster/1637-feeler-inside-measuring-range.png
1638,Limited overlap of mutual approach,poster/1638-limited-overlap-of-mutual-approach.png
1639,Cross coil,poster/1639-cross-coil.png
1640,Technical manual; manual for service,poster/1640-technical-manual-manual-for-service.png
1641,Operator's manual; operating instructions,poster/1641-operator-s-manual-operating-instructions.png
1642,Read/note marking,poster/1642-read-note-marking.png
1643,"Winding, pile outside",poster/1643-winding-pile-outside.png
1644,"Winding, pile inside",poster/1644-winding-pile-inside.png
1645,Start of shift,poster/1645-start-of-shift.png
1646,End of shift (shift work),poster/1646-end-of-shift-shift-work.png
1647,Felting against direction of cloth run,poster/1647-felting-against-direction-of-cloth-run.png
1648,Felting in direction of cloth run,poster/1648-felting-in-direction-of-cloth-run.png
1649,Guide web with selvedge uncurling,poster/1649-guide-web-with-selvedge-uncurling.png
1650,Guide web with selvedge roll out,poster/1650-guide-web-with-selvedge-roll-out.png
1651,"Skip, drive round a machine unit; bypass (going round a unit)",poster/1651-skip-drive-round-a-machine-unit-bypass-going-round-a-unit.png
1652,Run of process,poster/1652-run-of-process.png
1653,Regeneration; recovery,poster/1653-regeneration-recovery.png
1654,Ionization window open,poster/1654-ionization-window-open.png
1655,Ionization window close,poster/1655-ionization-window-close.png
1656,Lock,poster/1656-lock.png
1658,Area worked per hour,poster/1658-area-worked-per-hour.png
1659,Service indicator; read technical manual,poster/1659-service-indicator-read-technical-manual.png
1660,"Rockshaft, float",poster/1660-rockshaft-float.png
1661,"Remote hydraulic cylinder, float",poster/1661-remote-hydraulic-cylinder-float.png
1662,Differential lock,poster/1662-differential-lock.png
1663,"Tractor, front-wheel drive",poster/1663-tractor-front-wheel-drive.png
1664,"Power take-off (PTO), direction of rotation, clockwise",poster/1664-power-take-off-pto-direction-of-rotation-clockwise.png
1665,"Tractor, wheel slip",poster/1665-tractor-wheel-slip.png
1666,"Tractor, direction of movement, forward (side view of machine)",poster/1666-tractor-direction-of-movement-forward-side-view-of-machine.png
1667,"Tractor, direction of movement, rearward (side view of machine)",poster/1667-tractor-direction-of-movement-rearward-side-view-of-machine.png
1668,"Header, float",poster/1668-header-float.png
1669,"Reel, move forward",poster/1669-reel-move-forward.png
1670,"Reel, move rearward",poster/1670-reel-move-rearward.png
1671,Reel speed,poster/1671-reel-speed.png
1672,Unloader,poster/1672-unloader.png
1673,"Cotton basket, dump",poster/1673-cotton-basket-dump.png
1674,Cotton basket return (carry),poster/1674-cotton-basket-return-carry.png
1675,"Forage harvester, spout rotation, left",poster/1675-forage-harvester-spout-rotation-left.png
1676,"Forage harvester, spout rotation, right",poster/1676-forage-harvester-spout-rotation-right.png
1677,Magnetic metal detector,poster/1677-magnetic-metal-detector.png
1678,"Combine, direction of movement, forward (side view of machine)",poster/1678-combine-direction-of-movement-forward-side-view-of-machine.png
1679,"Combine, direction of movement, rearward (side view of machine)",poster/1679-combine-direction-of-movement-rearward-side-view-of-machine.png
1680,Control lever working movement in two directions,poster/1680-control-lever-working-movement-in-two-directions.png
1681,Lever steering; turn left-right,poster/1681-lever-steering-turn-left-right.png
1682,"Load-lifting attachment, lift",poster/1682-load-lifting-attachment-lift.png
1683,"Load-lifting attachment, lower",poster/1683-load-lifting-attachment-lower.png
1684,Derrick in; luff in,poster/1684-derrick-in-luff-in.png
1685,Derrick out; luff out,poster/1685-derrick-out-luff-out.png
1686,Telescopic jib (boom) extended,poster/1686-telescopic-jib-boom-extended.png
1687,Telescopic jib (boom) retracted,poster/1687-telescopic-jib-boom-retracted.png
1688,Crab traversing: forward- reverse,poster/1688-crab-traversing-forward-reverse.png
1689,Crane travelling forward,poster/1689-crane-travelling-forward.png
1690,Crane travelling in reverse,poster/1690-crane-travelling-in-reverse.png
1691,Crane travelling forward- reverse,poster/1691-crane-travelling-forward-reverse.png
1692,"Climbing crane, climb",poster/1692-climbing-crane-climb.png
1693,"Climbing crane, descend",poster/1693-climbing-crane-descend.png
1694,Load magnet on,poster/1694-load-magnet-on.png
1695,Load magnet off,poster/1695-load-magnet-off.png
1696,Rail clamp engaged,poster/1696-rail-clamp-engaged.png
1697,Rail clamp disengaged,poster/1697-rail-clamp-disengaged.png
1698,Wind speed,poster/1698-wind-speed.png
1699,Wind direction,poster/1699-wind-direction.png
1700,Spotlight,poster/1700-spotlight.png
1701,Pressure,poster/1701-pressure.png
1702,"Seatbelt, lap belt only",poster/1702-seatbelt-lap-belt-only.png
1703,"Control lever operating direction, multiple directions",poster/1703-control-lever-operating-direction-multiple-directions.png
1704,"Engine, electrical preheat (low temperature start aid)",poster/1704-engine-electrical-preheat-low-temperature-start-aid.png
1705,Seat (side view),poster/1705-seat-side-view.png
1706,"Seat height adjustment, up",poster/1706-seat-height-adjustment-up.png
1707,"Seat height adjustment, down",poster/1707-seat-height-adjustment-down.png
1709,"Tree harvester/feller buncher, boom/arm movement",poster/1709-tree-harvester-feller-buncher-boom-arm-movement.png
1710,"Tree harvester/feller buncher, arm, raise",poster/1710-tree-harvester-feller-buncher-arm-raise.png
1711,"Tree harvester/feller buncher, arm, lower",poster/1711-tree-harvester-feller-buncher-arm-lower.png
1712,"Tree harvester/feller buncher, boom swing",poster/1712-tree-harvester-feller-buncher-boom-swing.png
1713,"Tree harvester/feller buncher, boom, swing left",poster/1713-tree-harvester-feller-buncher-boom-swing-left.png
1714,"Tree harvester/feller buncher, boom, swing right",poster/1714-tree-harvester-feller-buncher-boom-swing-right.png
1715,"Fixed boom felling head, turn left",poster/1715-fixed-boom-felling-head-turn-left.png
1716,"Fixed boom felling head, turn right",poster/1716-fixed-boom-felling-head-turn-right.png
1717,Felling head,poster/1717-felling-head.png
1718,"Felling head, tilt up",poster/1718-felling-head-tilt-up.png
1719,"Felling head, tilt down",poster/1719-felling-head-tilt-down.png
1720,"Felling head, side tilt left/clockwise",poster/1720-felling-head-side-tilt-left-clockwise.png
1721,"Felling head, side tilt right/anticlockwise",poster/1721-felling-head-side-tilt-right-anticlockwise.png
1722,Felling shear,poster/1722-felling-shear.png
1723,"Felling shear, open",poster/1723-felling-shear-open.png
1724,"Felling shear, close",poster/1724-felling-shear-close.png
1725,Bunk jaws/grab arms,poster/1725-bunk-jaws-grab-arms.png
1726,"Bunk jaws/grab arms, open",poster/1726-bunk-jaws-grab-arms-open.png
1727,"Bunk jaws/grab arms, close",poster/1727-bunk-jaws-grab-arms-close.png
1728,"Bunk jaws/grab arms, left jaw/arm, out",poster/1728-bunk-jaws-grab-arms-left-jaw-arm-out.png
1729,"Bunk jaws/grab arms, left jaw/arm, in",poster/1729-bunk-jaws-grab-arms-left-jaw-arm-in.png
1730,"Bunk jaws/grab arms, right jaw/arm, out",poster/1730-bunk-jaws-grab-arms-right-jaw-arm-out.png
1731,"Bunk jaws/grab arms, right jaw/arm, in",poster/1731-bunk-jaws-grab-arms-right-jaw-arm-in.png
1732,"Bunk jaws/grab arms, ropes, tighten",poster/1732-bunk-jaws-grab-arms-ropes-tighten.png
1733,"Bunk jaws/grab arms, ropes, slacken",poster/1733-bunk-jaws-grab-arms-ropes-slacken.png
1734,Log accumulator,poster/1734-log-accumulator.png
1735,"Log accumulator, open",poster/1735-log-accumulator-open.png
1736,"Log accumulator, close",poster/1736-log-accumulator-close.png
1737,Log feeder,poster/1737-log-feeder.png
1738,"Log feeder, open",poster/1738-log-feeder-open.png
1739,"Log feeder, close",poster/1739-log-feeder-close.png
1740,"Log feeder, feed in",poster/1740-log-feeder-feed-in.png
1741,"Log feeder, feed out",poster/1741-log-feeder-feed-out.png
1742,"Log feeder, stop/lock",poster/1742-log-feeder-stop-lock.png
1743,Log clamp,poster/1743-log-clamp.png
1744,"Log clamp, open",poster/1744-log-clamp-open.png
1745,"Log clamp, close",poster/1745-log-clamp-close.png
1746,"Log clamp, hold",poster/1746-log-clamp-hold.png
1747,Log grapple,poster/1747-log-grapple.png
1748,"Log grapple, open",poster/1748-log-grapple-open.png
1749,"Log grapple, close",poster/1749-log-grapple-close.png
1750,"Log grapple, rotate",poster/1750-log-grapple-rotate.png
1751,"Log grapple, rotate clockwise",poster/1751-log-grapple-rotate-clockwise.png
1752,"Log grapple, rotate anticlockwise",poster/1752-log-grapple-rotate-anticlockwise.png
1753,Topping knife,poster/1753-topping-knife.png
1754,"Topping knife, open",poster/1754-topping-knife-open.png
1755,"Topping knife, close",poster/1755-topping-knife-close.png
1756,Circular saw,poster/1756-circular-saw.png
1757,"Circular saw, out",poster/1757-circular-saw-out.png
1758,"Circular saw, in",poster/1758-circular-saw-in.png
1759,Chain saw,poster/1759-chain-saw.png
1760,"Chain saw, out",poster/1760-chain-saw-out.png
1761,"Chain saw, in",poster/1761-chain-saw-in.png
1763,"Grapple skidder, single function boom, up/in",poster/1763-grapple-skidder-single-function-boom-up-in.png
1764,"Grapple skidder, single function boom, down/out",poster/1764-grapple-skidder-single-function-boom-down-out.png
1765,"Grapple skidder, double function boom",poster/1765-grapple-skidder-double-function-boom.png
1766,"Grapple skidder, double function boom, out",poster/1766-grapple-skidder-double-function-boom-out.png
1767,"Grapple skidder, double function boom, in",poster/1767-grapple-skidder-double-function-boom-in.png
1768,"Grapple skidder, double function boom, up",poster/1768-grapple-skidder-double-function-boom-up.png
1769,"Grapple skidder, double function boom, down",poster/1769-grapple-skidder-double-function-boom-down.png
1770,"Log loader, pillar, raise",poster/1770-log-loader-pillar-raise.png
1771,"Log loader, pillar, lower",poster/1771-log-loader-pillar-lower.png
1772,"Log loader, pillar, rotate clockwise",poster/1772-log-loader-pillar-rotate-clockwise.png
1773,"Log loader, pillar, rotate anticlockwise",poster/1773-log-loader-pillar-rotate-anticlockwise.png
1774,"Log loader, main boom, lower",poster/1774-log-loader-main-boom-lower.png
1775,"Log loader, main boom, raise",poster/1775-log-loader-main-boom-raise.png
1776,"Log loader, arm, extend",poster/1776-log-loader-arm-extend.png
1777,"Log loader, arm, retract",poster/1777-log-loader-arm-retract.png
1778,"Log loader, jib, extend",poster/1778-log-loader-jib-extend.png
1779,"Log loader, secondary boom, in",poster/1779-log-loader-secondary-boom-in.png
1780,"Log loader, secondary boom, out",poster/1780-log-loader-secondary-boom-out.png
1781,"Log loader, jib, retract",poster/1781-log-loader-jib-retract.png
1782,Log loading equipment,poster/1782-log-loading-equipment.png
1783,Loadgate,poster/1783-loadgate.png
1784,"Loadgate, down",poster/1784-loadgate-down.png
1785,"Loadgate, up",poster/1785-loadgate-up.png
1786,Side view of rotor (vertical axis),poster/1786-side-view-of-rotor-vertical-axis.png
1787,Unbalance (rotor side view),poster/1787-unbalance-rotor-side-view.png
1788,Correction plane in a rotor,poster/1788-correction-plane-in-a-rotor.png
1789,Unbalance (rotor end view),poster/1789-unbalance-rotor-end-view.png
1790,Compensation (arrows directed inwards),poster/1790-compensation-arrows-directed-inwards.png
1791,Component indication,poster/1791-component-indication.png
1792,Polar indication,poster/1792-polar-indication.png
1793,Indexing,poster/1793-indexing.png
1794,Angle of unbalance,poster/1794-angle-of-unbalance.png
1795,Position 1... 2...,poster/1795-position-1-2.png
1796,Add material,poster/1796-add-material.png
1797,Remove material,poster/1797-remove-material.png
1798,Stroboscopic lamp,poster/1798-stroboscopic-lamp.png
1799,Sine wave angle reference generator,poster/1799-sine-wave-angle-reference-generator.png
1800,Square wave angle reference generator,poster/1800-square-wave-angle-reference-generator.png
1801,Bearing vibrations,poster/1801-bearing-vibrations.png
1802,Static unbalance,poster/1802-static-unbalance.png
1803,Couple unbalance,poster/1803-couple-unbalance.png
1804,Dynamic unbalance,poster/1804-dynamic-unbalance.png
1805,Hydrocolloid connector,poster/1805-hydrocolloid-connector.png
1806,Spittoon with water circulation,poster/1806-spittoon-with-water-circulation.png
1807,"Dental patient chair, up",poster/1807-dental-patient-chair-up.png
1808,"Dental patient chair, down",poster/1808-dental-patient-chair-down.png
1809,"Dental patient chair, tilt backward",poster/1809-dental-patient-chair-tilt-backward.png
1810,"Dental patient chair, tilt forward",poster/1810-dental-patient-chair-tilt-forward.png
1811,"Dental patient chair, headrest, back",poster/1811-dental-patient-chair-headrest-back.png
1812,"Dental patient chair, headrest, up",poster/1812-dental-patient-chair-headrest-up.png
1813,"Dental patient chair, backward",poster/1813-dental-patient-chair-backward.png
1814,"Dental patient chair, forward",poster/1814-dental-patient-chair-forward.png
1815,"Dental patient chair, backrest, back",poster/1815-dental-patient-chair-backrest-back.png
1816,"Dental patient chair, backrest, up",poster/1816-dental-patient-chair-backrest-up.png
1817,"Dental patient support, up",poster/1817-dental-patient-support-up.png
1818,"Dental patient support, down",poster/1818-dental-patient-support-down.png
1819,"Dental patient chair, general",poster/1819-dental-patient-chair-general.png
1820,"Dental patient chair, rotation",poster/1820-dental-patient-chair-rotation.png
1821,Dental operator's stool,poster/1821-dental-operator-s-stool.png
1822,Dental operating light,poster/1822-dental-operating-light.png
1823,Dental unit,poster/1823-dental-unit.png
1824,Assistant's unit,poster/1824-assistant-s-unit.png
1825,Spittoon; cuspidor,poster/1825-spittoon-cuspidor.png
1826,Spittoon with water fountain,poster/1826-spittoon-with-water-fountain.png
1827,Sink cabinet,poster/1827-sink-cabinet.png
1828,Dental cabinet,poster/1828-dental-cabinet.png
1829,Saliva ejector,poster/1829-saliva-ejector.png
1830,Saliva ejector with hand- controlled valve,poster/1830-saliva-ejector-with-hand-controlled-valve.png
1831,Suction handpiece,poster/1831-suction-handpiece.png
1832,Suction handpiece with hand- controlled valve,poster/1832-suction-handpiece-with-hand-controlled-valve.png
1833,Electro-surgical handpiece,poster/1833-electro-surgical-handpiece.png
1834,Pulp-tester,poster/1834-pulp-tester.png
1835,Ultrasonic scaler,poster/1835-ultrasonic-scaler.png
1836,Fibre-optic handpiece,poster/1836-fibre-optic-handpiece.png
1837,Multifunction syringe (air- water),poster/1837-multifunction-syringe-air-water.png
1838,Dental air motor,poster/1838-dental-air-motor.png
1839,Dental air motor with illumination,poster/1839-dental-air-motor-with-illumination.png
1840,Dental low voltage electric motor,poster/1840-dental-low-voltage-electric-motor.png
1841,Dental low voltage electric motor with illumination,poster/1841-dental-low-voltage-electric-motor-with-illumination.png
1842,Dental turbine with illumination,poster/1842-dental-turbine-with-illumination.png
1843,Dental turbine,poster/1843-dental-turbine.png
1844,Sterilizable up to the temperature specified,poster/1844-sterilizable-up-to-the-temperature-specified.png
1845,U-trap,poster/1845-u-trap.png
1846,"Dental patient footrest, up",poster/1846-dental-patient-footrest-up.png
1847,"Dental patient footrest, down",poster/1847-dental-patient-footrest-down.png
1848,"Dental patient chair, automatic set",poster/1848-dental-patient-chair-automatic-set.png
1849,"Dental patient chair, automatic re-set",poster/1849-dental-patient-chair-automatic-re-set.png
1850,Liquid level control,poster/1850-liquid-level-control.png
1851,Chemical water treatment,poster/1851-chemical-water-treatment.png
1852,Hand-controlled valve,poster/1852-hand-controlled-valve.png
1853,Foot-operated,poster/1853-foot-operated.png
1854,Cup-filler,poster/1854-cup-filler.png
1855,Bowl flush,poster/1855-bowl-flush.png
1856,Water-cooling,poster/1856-water-cooling.png
1857,Air-cooling,poster/1857-air-cooling.png
1858,Spray-cooling,poster/1858-spray-cooling.png
1859,Decimal separator,poster/1859-decimal-separator.png
1861,Level,poster/1861-level.png
1862,Group lock,poster/1862-group-lock.png
1863,Tabulation left,poster/1863-tabulation-left.png
1864,Tabulation right,poster/1864-tabulation-right.png
1865,"Ventilation air flow,",poster/1865-ventilation-air-flow.png
1866,"Ventilation air flow, lower",poster/1866-ventilation-air-flow-lower.png
1867,"Ventilation air flow, upper",poster/1867-ventilation-air-flow-upper.png
1937,"Remote station, ready",poster/1937-remote-station-ready.png
1938,"Remote station, stand-by",poster/1938-remote-station-stand-by.png
1939,"Remote station out of order,",poster/1939-remote-station-out-of-order.png
1940,Acknowledgement of remote,poster/1940-acknowledgement-of-remote.png
1941,Acknowledgement of,poster/1941-acknowledgement-of.png
1942,Test run,poster/1942-test-run.png
1943,Variable speed,poster/1943-variable-speed.png
1944,Insert paper,poster/1944-insert-paper.png
1945,Remove copy/paper,poster/1945-remove-copy-paper.png
1946,Memory/text storage full,poster/1946-memory-text-storage-full.png
1947,Add/load diskette,poster/1947-add-load-diskette.png
1948,Add/load cassette,poster/1948-add-load-cassette.png
1949,Telephone disconnected,poster/1949-telephone-disconnected.png
1950,Call operator of remote station,poster/1950-call-operator-of-remote-station.png
1951,No operator response from remote station,poster/1951-no-operator-response-from-remote-station.png
1952,Document face up,poster/1952-document-face-up.png
1953,Document face down,poster/1953-document-face-down.png
1954,Exposure adjustment,poster/1954-exposure-adjustment.png
1955,I am,poster/1955-i-am.png
1956,Who are you?,poster/1956-who-are-you.png
1957,Interactive videotext deactivated,poster/1957-interactive-videotext-deactivated.png
1958,"Temporarily inactive attributes, disable attributes",poster/1958-temporarily-inactive-attributes-disable-attributes.png
1959,Reveal,poster/1959-reveal.png
1960,Billing information,poster/1960-billing-information.png
1961,Message service,poster/1961-message-service.png
1962,End of data entry; data collection terminator,poster/1962-end-of-data-entry-data-collection-terminator.png
1963,Initiator,poster/1963-initiator.png
1964,Terminator,poster/1964-terminator.png
1965,Transmit page/document,poster/1965-transmit-page-document.png
1966,Receive page/document,poster/1966-receive-page-document.png
1967,Sheet injection into a determined position,poster/1967-sheet-injection-into-a-determined-position.png
1968,Sheet ejection,poster/1968-sheet-ejection.png
1969,Transmission sequence not completed,poster/1969-transmission-sequence-not-completed.png
1970,Paper carrier open,poster/1970-paper-carrier-open.png
1971,Paper carrier closed,poster/1971-paper-carrier-closed.png
1972,Constant input,poster/1972-constant-input.png
1973,Constant recall,poster/1973-constant-recall.png
1974,Internal transfer of text,poster/1974-internal-transfer-of-text.png
1975,"Grid density, low",poster/1975-grid-density-low.png
1976,"Grid density, normal",poster/1976-grid-density-normal.png
1977,"Grid density, high",poster/1977-grid-density-high.png
1978,Halftone/grey tone,poster/1978-halftone-grey-tone.png
1979,Pressure adjustment,poster/1979-pressure-adjustment.png
1980,Inking adjustment,poster/1980-inking-adjustment.png
1981,Cutting adjustment,poster/1981-cutting-adjustment.png
1982,"Address master transport, no print",poster/1982-address-master-transport-no-print.png
1983,Address master print and transport,poster/1983-address-master-print-and-transport.png
1984,"Address master print, no transport",poster/1984-address-master-print-no-transport.png
1985,Repeat printing from one address master,poster/1985-repeat-printing-from-one-address-master.png
1986,Address master fault,poster/1986-address-master-fault.png
1987,"Address master, grouper control",poster/1987-address-master-grouper-control.png
1988,Paper bin empty/empty bin available,poster/1988-paper-bin-empty-empty-bin-available.png
1989,No magazine/bin in position,poster/1989-no-magazine-bin-in-position.png
1990,Advertisement imprint,poster/1990-advertisement-imprint.png
1991,Omit advertisement,poster/1991-omit-advertisement.png
1992,Date imprint,poster/1992-date-imprint.png
1993,Omit date imprint,poster/1993-omit-date-imprint.png
1994,Check date imprint,poster/1994-check-date-imprint.png
1995,Ink prime,poster/1995-ink-prime.png
1996,Select,poster/1996-select.png
1997,Postage meter/franking,poster/1997-postage-meter-franking.png
1998,Imprint tape,poster/1998-imprint-tape.png
1999,Envelope sealing,poster/1999-envelope-sealing.png
2000,Envelope flap opening,poster/2000-envelope-flap-opening.png
2001,Short envelope,poster/2001-short-envelope.png
2002,Long envelope,poster/2002-long-envelope.png
2003,Trim adjustment (letter opening),poster/2003-trim-adjustment-letter-opening.png
2004,Standard double fold,poster/2004-standard-double-fold.png
2005,Double fold,poster/2005-double-fold.png
2006,Accordion fold,poster/2006-accordion-fold.png
2007,Cross fold,poster/2007-cross-fold.png
2008,Start moistening,poster/2008-start-moistening.png
2009,Stop moistening,poster/2009-stop-moistening.png
2010,Level 2 lock,poster/2010-level-2-lock.png
2011,Capitals lock,poster/2011-capitals-lock.png
2012,Numeric lock,poster/2012-numeric-lock.png
2013,Level,poster/2013-level.png
2014,Level,poster/2014-level.png
2015,Space,poster/2015-space.png
2016,Nonbreaking space,poster/2016-nonbreaking-space.png
2017,Insert,poster/2017-insert.png
2018,Continuous underline,poster/2018-continuous-underline.png
2019,Discontinuous underline,poster/2019-discontinuous-underline.png
2020,Emphasize,poster/2020-emphasize.png
2021,Compose character,poster/2021-compose-character.png
2022,Centre,poster/2022-centre.png
2023,Backward erase,poster/2023-backward-erase.png
2024,Clear screen,poster/2024-clear-screen.png
2025,Scrolling,poster/2025-scrolling.png
2026,Help,poster/2026-help.png
2027,Print screen; hard copy,poster/2027-print-screen-hard-copy.png
2028,Control,poster/2028-control.png
2029,Escape,poster/2029-escape.png
2030,Monitoring,poster/2030-monitoring.png
2031,Beginning (home),poster/2031-beginning-home.png
2032,End,poster/2032-end.png
2033,,poster/2033-untitled.png
2034,,poster/2034-untitled.png
2035,Line up,poster/2035-line-up.png
2036,Line down,poster/2036-line-down.png
2037,Backspace,poster/2037-backspace.png
2038,Partial line up,poster/2038-partial-line-up.png
2039,Partial line down,poster/2039-partial-line-down.png
2040,Partial space left,poster/2040-partial-space-left.png
2041,Partial space right,poster/2041-partial-space-right.png
2042,Set margin left,poster/2042-set-margin-left.png
2043,Set margin right,poster/2043-set-margin-right.png
2044,Release margin left,poster/2044-release-margin-left.png
2045,Release margin right,poster/2045-release-margin-right.png
2046,Release margins right and left,poster/2046-release-margins-right-and-left.png
2047,Cruise control,poster/2047-cruise-control.png
2048,Traction control,poster/2048-traction-control.png
2049,"Tree harvester/feller buncher, boom, lower",poster/2049-tree-harvester-feller-buncher-boom-lower.png
2050,,poster/2050-untitled.png
2058,"Delimber, fixed jaw, open",poster/2058-delimber-fixed-jaw-open.png
2059,"Delimber, fixed jaw, close",poster/2059-delimber-fixed-jaw-close.png
2060,"Delimber, mobile jaw",poster/2060-delimber-mobile-jaw.png
2061,"Delimber, mobile jaw, open",poster/2061-delimber-mobile-jaw-open.png
2062,"Delimber, mobile jaw, close",poster/2062-delimber-mobile-jaw-close.png
2063,Battery disconnect; battery shut-off,poster/2063-battery-disconnect-battery-shut-off.png
2064,"Steering wheel, tilt control",poster/2064-steering-wheel-tilt-control.png
2068,Dehumidifier,poster/2068-dehumidifier.png
2069,Tie down point,poster/2069-tie-down-point.png
2070,"Winch, lock",poster/2070-winch-lock.png
2071,"Winch, brake",poster/2071-winch-brake.png
2072,Stabilizer,poster/2072-stabilizer.png
2073,"Left stabilizer, up",poster/2073-left-stabilizer-up.png
2074,"Left stabilizer, down",poster/2074-left-stabilizer-down.png
2075,"Left stabilizer, extend",poster/2075-left-stabilizer-extend.png
2076,"Left stabilizer, retract",poster/2076-left-stabilizer-retract.png
2077,Outrigger,poster/2077-outrigger.png
2078,"Outrigger, left beam out, horizontal extension only",poster/2078-outrigger-left-beam-out-horizontal-extension-only.png
2079,"Outrigger, left beam in, horizontal retraction only",poster/2079-outrigger-left-beam-in-horizontal-retraction-only.png
2080,"Outrigger, left jack down, vertical extension only",poster/2080-outrigger-left-jack-down-vertical-extension-only.png
2081,"Outrigger, left jack up, vertical retraction only",poster/2081-outrigger-left-jack-up-vertical-retraction-only.png
2082,"Clamshell bucket, rotate",poster/2082-clamshell-bucket-rotate.png
2083,"Grapple, rotate clockwise",poster/2083-grapple-rotate-clockwise.png
2084,"Grapple, rotate anticlockwise",poster/2084-grapple-rotate-anticlockwise.png
2085,"Grader blade, raise whole blade",poster/2085-grader-blade-raise-whole-blade.png
2086,"Grader blade, lower whole blade",poster/2086-grader-blade-lower-whole-blade.png
2087,Scraper apron,poster/2087-scraper-apron.png
2088,Scraper ejector,poster/2088-scraper-ejector.png
2089,Scraper elevator,poster/2089-scraper-elevator.png
2090,"Excavator/backhoe, boom swing",poster/2090-excavator-backhoe-boom-swing.png
2091,"Excavator/backhoe, boom side shift",poster/2091-excavator-backhoe-boom-side-shift.png
2092,Side dump bucket,poster/2092-side-dump-bucket.png
2093,"Side dump bucket, hold",poster/2093-side-dump-bucket-hold.png
2094,Dumper body,poster/2094-dumper-body.png
2095,Front scarifier,poster/2095-front-scarifier.png
2096,"Ground-engaging equipment, ripper/scarifier",poster/2096-ground-engaging-equipment-ripper-scarifier.png
2097,"Ground-engaging equipment, ripper/scarifier, raise",poster/2097-ground-engaging-equipment-ripper-scarifier-raise.png
2098,"Ground-engaging equipment, ripper/scarifier, lower",poster/2098-ground-engaging-equipment-ripper-scarifier-lower.png
2099,"Ground-engaging equipment, ripper/scarifier, hold",poster/2099-ground-engaging-equipment-ripper-scarifier-hold.png
2100,Rear scarifier,poster/2100-rear-scarifier.png
2101,"Rear scarifier, raise",poster/2101-rear-scarifier-raise.png
2102,"Rear scarifier, lower",poster/2102-rear-scarifier-lower.png
2103,"Rear scarifier, hold",poster/2103-rear-scarifier-hold.png
2104,Moving machine alarm; rearward moving vehicle alarm,poster/2104-moving-machine-alarm-rearward-moving-vehicle-alarm.png
2105,Alternate,poster/2105-alternate.png
2106,Undo,poster/2106-undo.png
2107,Turbo,poster/2107-turbo.png
2108,Airbag,poster/2108-airbag.png
2109,"Grass-cutting equipment, cutting element, engage",poster/2109-grass-cutting-equipment-cutting-element-engage.png
2110,"Grass-cutting equipment, cutting element, disengage",poster/2110-grass-cutting-equipment-cutting-element-disengage.png
2111,"Grass-cutting equipment, cylinder drive, reverse, engage",poster/2111-grass-cutting-equipment-cylinder-drive-reverse-engage.png
2112,"Grass-cutting equipment, cylinder drive, reverse, disengage",poster/2112-grass-cutting-equipment-cylinder-drive-reverse-disengage.png
2113,"Grass-cutting equipment, cylinder on-cut adjustment",poster/2113-grass-cutting-equipment-cylinder-on-cut-adjustment.png
2114,"Grass-cutting equipment, cutting unit",poster/2114-grass-cutting-equipment-cutting-unit.png
2115,"Grass-cutting equipment, cutting unit, raise",poster/2115-grass-cutting-equipment-cutting-unit-raise.png
2116,"Grass-cutting equipment, cutting unit, lower",poster/2116-grass-cutting-equipment-cutting-unit-lower.png
2117,"Grass-cutting equipment, cutting unit, hold",poster/2117-grass-cutting-equipment-cutting-unit-hold.png
2118,"Grass-cutting equipment, cutting unit, float",poster/2118-grass-cutting-equipment-cutting-unit-float.png
2119,"Grass-cutting equipment, cutting unit, transport position",poster/2119-grass-cutting-equipment-cutting-unit-transport-position.png
2120,"Grass-cutting equipment, cutting unit, raise to transport position",poster/2120-grass-cutting-equipment-cutting-unit-raise-to-transport-posi.png
2121,"Grass-cutting equipment, cutting unit, lower from transport position",poster/2121-grass-cutting-equipment-cutting-unit-lower-from-transport-po.png
2122,Tiller tines,poster/2122-tiller-tines.png
2123,"Snow thrower, impeller",poster/2123-snow-thrower-impeller.png
2124,"Snow thrower, collector auger",poster/2124-snow-thrower-collector-auger.png
2125,"Snow thrower, discharge-chute height adjustment, up",poster/2125-snow-thrower-discharge-chute-height-adjustment-up.png
2126,"Snow thrower, discharge- chute height adjustment, down",poster/2126-snow-thrower-discharge-chute-height-adjustment-down.png
2127,"Snow thrower, discharge chute, rotate left",poster/2127-snow-thrower-discharge-chute-rotate-left.png
2128,"Snow thrower, discharge chute, rotate right",poster/2128-snow-thrower-discharge-chute-rotate-right.png
2129,"Wheel adjustment, left wheel, move out",poster/2129-wheel-adjustment-left-wheel-move-out.png
2130,"Wheel adjustment, left wheel, move in",poster/2130-wheel-adjustment-left-wheel-move-in.png
2131,"Wheel adjustment, right wheel, move out",poster/2131-wheel-adjustment-right-wheel-move-out.png
2132,"Wheel adjustment, right wheel, move in",poster/2132-wheel-adjustment-right-wheel-move-in.png
2133,Tractor (side view of machine),poster/2133-tractor-side-view-of-machine.png
2134,Tractor (overhead view of machine),poster/2134-tractor-overhead-view-of-machine.png
2135,"Tractor, direction of movement, forward (overhead view of machine)",poster/2135-tractor-direction-of-movement-forward-overhead-view-of-machi.png
2136,"Tractor, direction of movement, rearward (overhead view of machine)",poster/2136-tractor-direction-of-movement-rearward-overhead-view-of-mach.png
2137,"Tractor, auxiliary headlights",poster/2137-tractor-auxiliary-headlights.png
2138,"Combine harvester, side view of machine",poster/2138-combine-harvester-side-view-of-machine.png
2139,Combine (overhead view of machine),poster/2139-combine-overhead-view-of-machine.png
2140,"Combine, direction of movement, forward (overhead view of machine)",poster/2140-combine-direction-of-movement-forward-overhead-view-of-machi.png
2141,"Combine, direction of movement, rearward (overhead view of machine)",poster/2141-combine-direction-of-movement-rearward-overhead-view-of-mach.png
2142,"Header height, raise",poster/2142-header-height-raise.png
2143,"Header height, lower",poster/2143-header-height-lower.png
2144,Auger conveyor,poster/2144-auger-conveyor.png
2145,Sidehill machine,poster/2145-sidehill-machine.png
2146,"Sidehill machine, level left side",poster/2146-sidehill-machine-level-left-side.png
2147,"Sidehill machine, level right side",poster/2147-sidehill-machine-level-right-side.png
2148,Crop tank,poster/2148-crop-tank.png
2149,Cotton harvester (side view of machine),poster/2149-cotton-harvester-side-view-of-machine.png
2150,"Cotton harvester, direction of movement, forward (side view of machine)",poster/2150-cotton-harvester-direction-of-movement-forward-side-view-of-.png
2151,"Cotton harvester, direction of movement, rearward (side view of machine)",poster/2151-cotton-harvester-direction-of-movement-rearward-side-view-of.png
2152,Basket extend,poster/2152-basket-extend.png
2153,Cleaner feed,poster/2153-cleaner-feed.png
2154,Cleaner saw,poster/2154-cleaner-saw.png
2155,Cotton chamber/door,poster/2155-cotton-chamber-door.png
2156,Spindle drum,poster/2156-spindle-drum.png
2158,"Self-propelled forage harvester, direction of movement, forward (side view of machine)",poster/2158-self-propelled-forage-harvester-direction-of-movement-forwar.png
2159,"Self-propelled forage harvester, direction of movement, rearward (side view of machine)",poster/2159-self-propelled-forage-harvester-direction-of-movement-rearwa.png
2160,"Forage harvester, cutterhead",poster/2160-forage-harvester-cutterhead.png
2161,"Loader bucket, extend",poster/2161-loader-bucket-extend.png
2162,"Loader bucket, retract",poster/2162-loader-bucket-retract.png
2164,"Variability, for rotating movement, variability in steps",poster/2164-variability-for-rotating-movement-variability-in-steps.png
2165,Light,poster/2165-light.png
2166,Dark,poster/2166-dark.png
2167,Save entered data,poster/2167-save-entered-data.png
2168,Digital counter,poster/2168-digital-counter.png
2169,Worn clutch,poster/2169-worn-clutch.png
2170,Seat (overhead view),poster/2170-seat-overhead-view.png
2171,"Seat, lumbar adjustment, in and out",poster/2171-seat-lumbar-adjustment-in-and-out.png
2172,"Seat, fore and aft isolator/attenuator",poster/2172-seat-fore-and-aft-isolator-attenuator.png
2173,"Seat, lateral isolator/attenuator",poster/2173-seat-lateral-isolator-attenuator.png
2174,"Seat, swivel",poster/2174-seat-swivel.png
2175,"Seat, weight adjustment",poster/2175-seat-weight-adjustment.png
2176,Tyre,poster/2176-tyre.png
2177,Work distance travelled,poster/2177-work-distance-travelled.png
2178,"Rockshaft, upper limit",poster/2178-rockshaft-upper-limit.png
2179,Tractor ground speed,poster/2179-tractor-ground-speed.png
2180,Tractor with front PTO (side view of machine),poster/2180-tractor-with-front-pto-side-view-of-machine.png
2181,Tractor with rear PTO (side view of machine),poster/2181-tractor-with-rear-pto-side-view-of-machine.png
2182,Tractor with front PTO (overhead view of machine),poster/2182-tractor-with-front-pto-overhead-view-of-machine.png
2183,Tractor with rear PTO (overhead view of machine),poster/2183-tractor-with-rear-pto-overhead-view-of-machine.png
2184,"Tractor with towed implement, implement width",poster/2184-tractor-with-towed-implement-implement-width.png
2185,"Header, lateral tilt",poster/2185-header-lateral-tilt.png
2186,"Header, lateral tilt, left",poster/2186-header-lateral-tilt-left.png
2187,"Header, lateral tilt, right",poster/2187-header-lateral-tilt-right.png
2188,"Combine harvester, powered rear wheels",poster/2188-combine-harvester-powered-rear-wheels.png
2189,Separator-drive oil,poster/2189-separator-drive-oil.png
2190,Separator-drive oil pressure,poster/2190-separator-drive-oil-pressure.png
2191,Separator-drive oil filter,poster/2191-separator-drive-oil-filter.png
2192,Separator-drive oil temperature,poster/2192-separator-drive-oil-temperature.png
2193,"Combine, beater",poster/2193-combine-beater.png
2194,"Cotton harvester, brush rolls",poster/2194-cotton-harvester-brush-rolls.png
2195,"Combine, restricted crop flow",poster/2195-combine-restricted-crop-flow.png
2196,"Combine harvester, ground speed",poster/2196-combine-harvester-ground-speed.png
2197,Cotton harvester ground speed,poster/2197-cotton-harvester-ground-speed.png
2198,Self-propelled forage harvester ground speed,poster/2198-self-propelled-forage-harvester-ground-speed.png
2199,"Cutterhead, forward rotation",poster/2199-cutterhead-forward-rotation.png
2200,Loader bucket grapple,poster/2200-loader-bucket-grapple.png
2201,"Loader bucket grapple, open",poster/2201-loader-bucket-grapple-open.png
2202,"Loader bucket grapple, close",poster/2202-loader-bucket-grapple-close.png
2203,Self-propelled sprayer (side view of machine),poster/2203-self-propelled-sprayer-side-view-of-machine.png
2204,"Self-propelled sprayer, forward movement (side view of machine)",poster/2204-self-propelled-sprayer-forward-movement-side-view-of-machine.png
2205,"Self-propelled sprayer, rearward movement (side view of machine)",poster/2205-self-propelled-sprayer-rearward-movement-side-view-of-machin.png
2206,"Self-propelled sprayer, centre frame",poster/2206-self-propelled-sprayer-centre-frame.png
2207,"Self-propelled sprayer, centre frame, raise",poster/2207-self-propelled-sprayer-centre-frame-raise.png
2208,"Self-propelled sprayer, centre frame, lower",poster/2208-self-propelled-sprayer-centre-frame-lower.png
2209,"Sprayer, left boom, raise",poster/2209-sprayer-left-boom-raise.png
2210,"Sprayer, left boom, lower",poster/2210-sprayer-left-boom-lower.png
2211,"Sprayer, right boom, raise",poster/2211-sprayer-right-boom-raise.png
2212,"Sprayer, right boom, lower",poster/2212-sprayer-right-boom-lower.png
2213,Spray solution tank,poster/2213-spray-solution-tank.png
2214,"Spray solution tank, pressure",poster/2214-spray-solution-tank-pressure.png
2215,"Spray solution tank, level",poster/2215-spray-solution-tank-level.png
2216,Spray solution pump,poster/2216-spray-solution-pump.png
2217,"Spray solution pump, pressure",poster/2217-spray-solution-pump-pressure.png
2218,"Agricultural sprayer, nozzle on",poster/2218-agricultural-sprayer-nozzle-on.png
2219,"Agricultural sprayer, nozzle off",poster/2219-agricultural-sprayer-nozzle-off.png
2220,"Telescoping jib (boom), luffing up (raise)",poster/2220-telescoping-jib-boom-luffing-up-raise.png
2221,"Telescoping jib (boom), luffing down (lower)",poster/2221-telescoping-jib-boom-luffing-down-lower.png
2222,"Telescoping jib (boom), hoist load",poster/2222-telescoping-jib-boom-hoist-load.png
2223,"Telescoping jib (boom), lower load",poster/2223-telescoping-jib-boom-lower-load.png
2224,"Telescoping jib (boom), extend telescope",poster/2224-telescoping-jib-boom-extend-telescope.png
2225,"Telescoping jib (boom), retract telescope",poster/2225-telescoping-jib-boom-retract-telescope.png
2226,"Telescoping jib (boom), slew left",poster/2226-telescoping-jib-boom-slew-left.png
2227,"Telescoping jib (boom), slew right",poster/2227-telescoping-jib-boom-slew-right.png
2228,"Telescoping jib (boom), slew lock",poster/2228-telescoping-jib-boom-slew-lock.png
2229,"Telescoping jib (boom), slew brake",poster/2229-telescoping-jib-boom-slew-brake.png
2230,"Fixed length jib (boom), luffing up (raise)",poster/2230-fixed-length-jib-boom-luffing-up-raise.png
2231,"Fixed length jib (boom), luffing down (lower)",poster/2231-fixed-length-jib-boom-luffing-down-lower.png
2232,"Fixed length jib (boom), hoist load",poster/2232-fixed-length-jib-boom-hoist-load.png
2233,"Fixed length jib (boom), lower load",poster/2233-fixed-length-jib-boom-lower-load.png
2234,"Fixed length jib (boom), slew left",poster/2234-fixed-length-jib-boom-slew-left.png
2235,"Fixed length jib (boom), slew right",poster/2235-fixed-length-jib-boom-slew-right.png
2236,"Fixed length jib (boom), slew lock",poster/2236-fixed-length-jib-boom-slew-lock.png
2237,"Fixed length jib (boom), slew brake",poster/2237-fixed-length-jib-boom-slew-brake.png
2238,Four-wheel steering,poster/2238-four-wheel-steering.png
2239,Door(s) ajar,poster/2239-door-s-ajar.png
2240,"Rearward-moving-vehicle alarm, cancel",poster/2240-rearward-moving-vehicle-alarm-cancel.png
2241,Radar sensor,poster/2241-radar-sensor.png
2242,"Seat, ride-damping adjustment",poster/2242-seat-ride-damping-adjustment.png
2243,Grader blade (side view),poster/2243-grader-blade-side-view.png
2244,"Grader blade, pitch forward",poster/2244-grader-blade-pitch-forward.png
2245,"Grader blade, pitch rearward",poster/2245-grader-blade-pitch-rearward.png
2246,Articulated grader (overhead view of machine),poster/2246-articulated-grader-overhead-view-of-machine.png
2247,"Articulated grader, steer left",poster/2247-articulated-grader-steer-left.png
2248,"Articulated grader, steer right",poster/2248-articulated-grader-steer-right.png
2249,"Excavator/backhoe, offset boom, swing left",poster/2249-excavator-backhoe-offset-boom-swing-left.png
2250,"Excavator/backhoe, offset boom, swing right",poster/2250-excavator-backhoe-offset-boom-swing-right.png
2251,"Ground-engaging equipment, ripper/scarifier, float",poster/2251-ground-engaging-equipment-ripper-scarifier-float.png
2252,"Ground-engaging equipment, ripper/scarifier, pitch in",poster/2252-ground-engaging-equipment-ripper-scarifier-pitch-in.png
2253,"Ground-engaging equipment, ripper/scarifier, pitch out",poster/2253-ground-engaging-equipment-ripper-scarifier-pitch-out.png
2254,"Trencher, digging boom",poster/2254-trencher-digging-boom.png
2255,"Trencher, digging boom, raise",poster/2255-trencher-digging-boom-raise.png
2256,"Trencher, digging boom, lower",poster/2256-trencher-digging-boom-lower.png
2257,"Trencher, digging chain, forward rotation",poster/2257-trencher-digging-chain-forward-rotation.png
2258,"Trencher, digging chain, reverse rotation",poster/2258-trencher-digging-chain-reverse-rotation.png
2259,"Trencher, digging chain, disengage",poster/2259-trencher-digging-chain-disengage.png
2260,"Trencher, side shift",poster/2260-trencher-side-shift.png
2261,"Trencher, side shift left",poster/2261-trencher-side-shift-left.png
2263,"Trencher, side shift lock",poster/2263-trencher-side-shift-lock.png
2264,"Trencher, trench cleaner",poster/2264-trencher-trench-cleaner.png
2265,"Trencher, trench cleaner, raise",poster/2265-trencher-trench-cleaner-raise.png
2266,"Trencher, trench cleaner, lower",poster/2266-trencher-trench-cleaner-lower.png
2267,Trencher conveyor,poster/2267-trencher-conveyor.png
2268,"Trencher conveyor, side shift out",poster/2268-trencher-conveyor-side-shift-out.png
2269,"Trencher conveyor, side shift in",poster/2269-trencher-conveyor-side-shift-in.png
2270,"Trencher conveyor, left rotation",poster/2270-trencher-conveyor-left-rotation.png
2271,"Trencher conveyor, right rotation",poster/2271-trencher-conveyor-right-rotation.png
2272,Disc trencher,poster/2272-disc-trencher.png
2273,"Disc trencher, raise",poster/2273-disc-trencher-raise.png
2274,"Disc trencher, lower",poster/2274-disc-trencher-lower.png
2275,"Disc trencher, forward rotation",poster/2275-disc-trencher-forward-rotation.png
2276,"Disc trencher, rearward rotation",poster/2276-disc-trencher-rearward-rotation.png
2277,"Disc trencher, disengage",poster/2277-disc-trencher-disengage.png
2278,"Disc trencher, stabilizer",poster/2278-disc-trencher-stabilizer.png
2279,"Disc trencher, stabilizer, raise",poster/2279-disc-trencher-stabilizer-raise.png
2280,"Disc trencher, stabilizer, lower",poster/2280-disc-trencher-stabilizer-lower.png
2281,"Disc trencher, trench cleaner",poster/2281-disc-trencher-trench-cleaner.png
2282,"Disc trencher, trench cleaner, raise",poster/2282-disc-trencher-trench-cleaner-raise.png
2283,"Disc trencher, trench cleaner, lower",poster/2283-disc-trencher-trench-cleaner-lower.png
2284,"Direct burial plough, vertical float",poster/2284-direct-burial-plough-vertical-float.png
2285,"Direct burial plough, vibrator, engage",poster/2285-direct-burial-plough-vibrator-engage.png
2286,"Direct burial plough, vibrator, disengage",poster/2286-direct-burial-plough-vibrator-disengage.png
2287,"Direct burial plough, swing",poster/2287-direct-burial-plough-swing.png
2288,"Direct burial plough, swing left",poster/2288-direct-burial-plough-swing-left.png
2289,"Direct burial plough, swing right",poster/2289-direct-burial-plough-swing-right.png
2290,"Direct burial plough, swing lateral float",poster/2290-direct-burial-plough-swing-lateral-float.png
2291,"Direct burial plough, plough blade, steer left",poster/2291-direct-burial-plough-plough-blade-steer-left.png
2292,"Direct burial plough, plough blade, steer right",poster/2292-direct-burial-plough-plough-blade-steer-right.png
2293,"Reel carrier, raise",poster/2293-reel-carrier-raise.png
2294,"Reel carrier, lower",poster/2294-reel-carrier-lower.png
2295,Cursor left,poster/2295-cursor-left.png
2296,Cursor up,poster/2296-cursor-up.png
2297,Cursor down,poster/2297-cursor-down.png
2298,Fast cursor left,poster/2298-fast-cursor-left.png
2299,Fast cursor up,poster/2299-fast-cursor-up.png
2300,Fast cursor down,poster/2300-fast-cursor-down.png
2301,Urgent alert indicator,poster/2301-urgent-alert-indicator.png
2302,"Electrical power, accessories",poster/2302-electrical-power-accessories.png
2303,"Engine, run",poster/2303-engine-run.png
2304,Reverse/back-up lights,poster/2304-reverse-back-up-lights.png
2305,Steering system,poster/2305-steering-system.png
2306,Steering system filter,poster/2306-steering-system-filter.png
2307,Steering system failure/malfunction,poster/2307-steering-system-failure-malfunction.png
2308,"Engine rotational speed, instantaneous decrease",poster/2308-engine-rotational-speed-instantaneous-decrease.png
2309,"Engine rotational speed, automatic decrease",poster/2309-engine-rotational-speed-automatic-decrease.png
2310,Roadway travel mode,poster/2310-roadway-travel-mode.png
2338,"Clamp, release",poster/2338-clamp-release.png
2339,"Elevating operator position, lower",poster/2339-elevating-operator-position-lower.png
2340,"Elevating operator position, raise",poster/2340-elevating-operator-position-raise.png
2341,"Lateral stacking truck, mechanism side shift left",poster/2341-lateral-stacking-truck-mechanism-side-shift-left.png
2342,"Lateral stacking truck, mechanism side shift right",poster/2342-lateral-stacking-truck-mechanism-side-shift-right.png
2343,"Lateral stacking truck, mechanism rotate left",poster/2343-lateral-stacking-truck-mechanism-rotate-left.png
2344,"Lateral stacking truck, mechanism rotate right",poster/2344-lateral-stacking-truck-mechanism-rotate-right.png
2345,Load rotate anticlockwise,poster/2345-load-rotate-anticlockwise.png
2346,Load rotate clockwise,poster/2346-load-rotate-clockwise.png
2347,"Piggyback arms, unclamp",poster/2347-piggyback-arms-unclamp.png
2348,"Piggyback arms, clamp",poster/2348-piggyback-arms-clamp.png
2349,"Piggyback arms, fold up",poster/2349-piggyback-arms-fold-up.png
2350,"Piggyback arms, fold down",poster/2350-piggyback-arms-fold-down.png
2351,"Piggyback arms, block- stacking in",poster/2351-piggyback-arms-block-stacking-in.png
2352,"Piggyback arms, block- stacking out",poster/2352-piggyback-arms-block-stacking-out.png
2353,"Piggyback rotation limit, override",poster/2353-piggyback-rotation-limit-override.png
2354,"Sideloader platform, tilt up (forward)",poster/2354-sideloader-platform-tilt-up-forward.png
2355,"Sideloader platform, tilt down (back)",poster/2355-sideloader-platform-tilt-down-back.png
2356,"Push/pull attachment, pull",poster/2356-push-pull-attachment-pull.png
2357,"Upender, rotate forward",poster/2357-upender-rotate-forward.png
2358,"Upender, rotate backward",poster/2358-upender-rotate-backward.png
2359,"Container-handling side-lift attachment, extend laterally",poster/2359-container-handling-side-lift-attachment-extend-laterally.png
2360,"Container-handling side- lift attachment, extend vertically",poster/2360-container-handling-side-lift-attachment-extend-vertically.png
2361,"Container-handling side-lift attachment, retract laterally",poster/2361-container-handling-side-lift-attachment-retract-laterally.png
2362,"Container-handling side- lift attachment, retract vertically",poster/2362-container-handling-side-lift-attachment-retract-vertically.png
2363,"Container-handling side- lift attachment, rotate clockwise",poster/2363-container-handling-side-lift-attachment-rotate-clockwise.png
2364,"Container-handling side- lift attachment, rotate anticlockwise",poster/2364-container-handling-side-lift-attachment-rotate-anticlockwise.png
2365,"Container-handling side- lift attachment, side-shift left",poster/2365-container-handling-side-lift-attachment-side-shift-left.png
2366,"Container-handling side-lift attachment, side-shift right",poster/2366-container-handling-side-lift-attachment-side-shift-right.png
2367,"Container-handling side-lift attachment, slew anticlockwise",poster/2367-container-handling-side-lift-attachment-slew-anticlockwise.png
2368,"Container-handling side- lift attachment, slew clockwise",poster/2368-container-handling-side-lift-attachment-slew-clockwise.png
2369,"Twist lock, unlock",poster/2369-twist-lock-unlock.png
2370,"Twist lock, lock",poster/2370-twist-lock-lock.png
2371,"Twist lock, located",poster/2371-twist-lock-located.png
2372,"Top lift, extend laterally",poster/2372-top-lift-extend-laterally.png
2373,"Top lift, reach out",poster/2373-top-lift-reach-out.png
2374,"Top lift, reach in",poster/2374-top-lift-reach-in.png
2375,"Top lift, retract laterally",poster/2375-top-lift-retract-laterally.png
2376,"Top lift, side-shift left",poster/2376-top-lift-side-shift-left.png
2377,"Top lift, side-shift right",poster/2377-top-lift-side-shift-right.png
2378,"Top lift side-tilt, left hand side up",poster/2378-top-lift-side-tilt-left-hand-side-up.png
2379,"Top lift side-tilt, right hand side up",poster/2379-top-lift-side-tilt-right-hand-side-up.png
2380,"Top lift slew, clockwise",poster/2380-top-lift-slew-clockwise.png
2381,"Top lift slew, anticlockwise",poster/2381-top-lift-slew-anticlockwise.png
2382,"Sideloader cab, traverse left",poster/2382-sideloader-cab-traverse-left.png
2383,"Sideloader cab, traverse right",poster/2383-sideloader-cab-traverse-right.png
2384,"Engine water-jacket, heater",poster/2384-engine-water-jacket-heater.png
2385,"Cab roof, demisting and defrosting",poster/2385-cab-roof-demisting-and-defrosting.png
2386,"Cab roof, washer",poster/2386-cab-roof-washer.png
2387,"Cab roof, wiper",poster/2387-cab-roof-wiper.png
2388,"Cab roof, wiper and washer",poster/2388-cab-roof-wiper-and-washer.png
2389,"Sway control/levelling, anticlockwise",poster/2389-sway-control-levelling-anticlockwise.png
2390,"Sway control/levelling, clockwise",poster/2390-sway-control-levelling-clockwise.png
2391,"Industrial truck, two-wheel steering, front",poster/2391-industrial-truck-two-wheel-steering-front.png
2392,"Industrial truck, two- wheel steering, rear",poster/2392-industrial-truck-two-wheel-steering-rear.png
2393,"Industrial truck, all- wheel or four-wheel",poster/2393-industrial-truck-all-wheel-or-four-wheel.png
2394,"Industrial truck, crab steering",poster/2394-industrial-truck-crab-steering.png
2395,Engine air-filter pressure,poster/2395-engine-air-filter-pressure.png
2396,"Lift-arm reach, extend limited",poster/2396-lift-arm-reach-extend-limited.png
2397,"Lift-arm lift, limited movement",poster/2397-lift-arm-lift-limited-movement.png
2398,"Side shift, centralize",poster/2398-side-shift-centralize.png
2399,"Engine, maintain soon",poster/2399-engine-maintain-soon.png
2400,Circuit breaker,poster/2400-circuit-breaker.png
2401,Protect from radioactive sources,poster/2401-protect-from-radioactive-sources.png
2402,Do not stack,poster/2402-do-not-stack.png
2403,Stacking limit by number,poster/2403-stacking-limit-by-number.png
2404,Do not clamp as indicated,poster/2404-do-not-clamp-as-indicated.png
2405,Do not roll,poster/2405-do-not-roll.png
2406,Use no forks,poster/2406-use-no-forks.png
2407,Protection against electromagnetic fields,poster/2407-protection-against-electromagnetic-fields.png
2408,"Fork arm extension, extend",poster/2408-fork-arm-extension-extend.png
2409,"Fork arm extension, retract",poster/2409-fork-arm-extension-retract.png
2410,Protection,poster/2410-protection.png
2411,Protection against moving parts,poster/2411-protection-against-moving-parts.png
2412,Protection against cold,poster/2412-protection-against-cold.png
2413,Protection against foul weather,poster/2413-protection-against-foul-weather.png
2414,Protection against chemicals,poster/2414-protection-against-chemicals.png
2415,Protection against static electricity,poster/2415-protection-against-static-electricity.png
2416,Protection against chain saw,poster/2416-protection-against-chain-saw.png
2417,Protection against heat and flame,poster/2417-protection-against-heat-and-flame.png
2418,Protective equipment for fire fighters,poster/2418-protective-equipment-for-fire-fighters.png
2419,High visibility clothing,poster/2419-high-visibility-clothing.png
2420,"Tractor, front-wheel drive, automatic operation",poster/2420-tractor-front-wheel-drive-automatic-operation.png
2421,"Tractor, front-wheel drive, braking",poster/2421-tractor-front-wheel-drive-braking.png
2422,"Road vehicle, engine heating",poster/2422-road-vehicle-engine-heating.png
2423,"Road vehicle, engine failure/malfunction",poster/2423-road-vehicle-engine-failure-malfunction.png
2424,"Road vehicle, electronic diesel control",poster/2424-road-vehicle-electronic-diesel-control.png
2425,"Road vehicle, engine start",poster/2425-road-vehicle-engine-start.png
2426,"Road vehicle, engine oil temperature",poster/2426-road-vehicle-engine-oil-temperature.png
2427,"Road vehicle, engine oil level",poster/2427-road-vehicle-engine-oil-level.png
2428,"Road vehicle, engine oil filter",poster/2428-road-vehicle-engine-oil-filter.png
2429,"Road vehicle, engine coolant level",poster/2429-road-vehicle-engine-coolant-level.png
2430,"Road vehicle, engine coolant heating",poster/2430-road-vehicle-engine-coolant-heating.png
2431,"Road vehicle, engine coolant fan",poster/2431-road-vehicle-engine-coolant-fan.png
2432,"Road vehicle, engine inlet air filter",poster/2432-road-vehicle-engine-inlet-air-filter.png
2433,"Road vehicle, engine emission filter",poster/2433-road-vehicle-engine-emission-filter.png
2434,"Road vehicle, engine inlet air preheat",poster/2434-road-vehicle-engine-inlet-air-preheat.png
2435,Transmission converter temperature,poster/2435-transmission-converter-temperature.png
2436,Transmission converter fluid level,poster/2436-transmission-converter-fluid-level.png
2437,Transmission converter failure,poster/2437-transmission-converter-failure.png
2438,Axle fluid level,poster/2438-axle-fluid-level.png
2439,Axle failure,poster/2439-axle-failure.png
2440,Steering fluid level,poster/2440-steering-fluid-level.png
2441,Steering failure (front view),poster/2441-steering-failure-front-view.png
2442,"Steering, circuit one (front view)",poster/2442-steering-circuit-one-front-view.png
2443,"Steering, circuit two (front view)",poster/2443-steering-circuit-two-front-view.png
2444,"Anti-lock brake system, first trailer",poster/2444-anti-lock-brake-system-first-trailer.png
2445,"Anti-lock brake system, second trailer",poster/2445-anti-lock-brake-system-second-trailer.png
2446,"Anti-lock brake system, first trailer not equipped",poster/2446-anti-lock-brake-system-first-trailer-not-equipped.png
2447,"Anti-lock brake system, second trailer not equipped",poster/2447-anti-lock-brake-system-second-trailer-not-equipped.png
2448,Spring brake release,poster/2448-spring-brake-release.png
2449,Exhaust-gas brake,poster/2449-exhaust-gas-brake.png
2450,Tyre temperature,poster/2450-tyre-temperature.png
2451,"Road vehicle, fuel temperature",poster/2451-road-vehicle-fuel-temperature.png
2452,"Road vehicle, fuel filter",poster/2452-road-vehicle-fuel-filter.png
2453,Fuel heating,poster/2453-fuel-heating.png
2454,"Road vehicle, fuel system failure",poster/2454-road-vehicle-fuel-system-failure.png
2455,Battery fluid level,poster/2455-battery-fluid-level.png
2456,Battery failure,poster/2456-battery-failure.png
2457,Loading light,poster/2457-loading-light.png
2458,Elevated headlights,poster/2458-elevated-headlights.png
2459,Roof sign illumination,poster/2459-roof-sign-illumination.png
2460,Road vehicle,poster/2460-road-vehicle.png
2461,"Height control, truck",poster/2461-height-control-truck.png
2462,"Front height control, truck",poster/2462-front-height-control-truck.png
2463,"Rear height control, truck",poster/2463-rear-height-control-truck.png
2464,Diverging flap release,poster/2464-diverging-flap-release.png
2465,Fifth wheel height adjustment,poster/2465-fifth-wheel-height-adjustment.png
2466,"Roof ventilation, truck",poster/2466-roof-ventilation-truck.png
2467,"Load tipping, trailer",poster/2467-load-tipping-trailer.png
2468,"Diverging flap release, trailer",poster/2468-diverging-flap-release-trailer.png
2469,"Exterior rear view mirror, 4-way adjustment, vertical type",poster/2469-exterior-rear-view-mirror-4-way-adjustment-vertical-type.png
2470,"Exterior rear view mirror, heating, vertical type",poster/2470-exterior-rear-view-mirror-heating-vertical-type.png
2471,All-wheel drive 6,poster/2471-all-wheel-drive-6.png
2472,Rear-axle drive 6,poster/2472-rear-axle-drive-6.png
2473,Front-axle drive 6,poster/2473-front-axle-drive-6.png
2474,"Differential lock, rear axle 4",poster/2474-differential-lock-rear-axle-4.png
2475,"Differential lock, transfer case 4",poster/2475-differential-lock-transfer-case-4.png
2476,"Differential lock, front axle 4",poster/2476-differential-lock-front-axle-4.png
2477,"Differential lock, rear axles 6",poster/2477-differential-lock-rear-axles-6.png
2478,"Differential lock, front axle 6",poster/2478-differential-lock-front-axle-6.png
2479,"Differential lock, bogie 6",poster/2479-differential-lock-bogie-6.png
2480,"Differential lock, transfer case 6",poster/2480-differential-lock-transfer-case-6.png
2481,"Differential lock, transfer case and bogie 6",poster/2481-differential-lock-transfer-case-and-bogie-6.png
2482,Protective equipment for abrasive blasting operators,poster/2482-protective-equipment-for-abrasive-blasting-operators.png
2483,Protection against cuts and stabs,poster/2483-protection-against-cuts-and-stabs.png
2484,Protection against particulate radioactive contamination,poster/2484-protection-against-particulate-radioactive-contamination.png
2485,Fresh air,poster/2485-fresh-air.png
2486,Recirculated air,poster/2486-recirculated-air.png
2487,"Fresh air, truck",poster/2487-fresh-air-truck.png
2488,"Recirculated air, truck",poster/2488-recirculated-air-truck.png
2489,LPG fuel; liquefied petroleum gas,poster/2489-lpg-fuel-liquefied-petroleum-gas.png
2490,Protection against mechanical hazards,poster/2490-protection-against-mechanical-hazards.png
2491,Protection against micro- organism hazards,poster/2491-protection-against-micro-organism-hazards.png
2492,Batch code,poster/2492-batch-code.png
2493,Catalogue number,poster/2493-catalogue-number.png
2495,Negative control,poster/2495-negative-control.png
2496,Positive control,poster/2496-positive-control.png
2497,Date of manufacture,poster/2497-date-of-manufacture.png
2498,Serial number,poster/2498-serial-number.png
2499,Sterile,poster/2499-sterile.png
2500,Sterilized using aseptic processing techniques,poster/2500-sterilized-using-aseptic-processing-techniques.png
2501,Sterilized using ethylene oxide,poster/2501-sterilized-using-ethylene-oxide.png
2502,Sterilized using irradiation,poster/2502-sterilized-using-irradiation.png
2503,Sterilized using steam or dry heat,poster/2503-sterilized-using-steam-or-dry-heat.png
2550,Interior directed illumination (reading/map light),poster/2550-interior-directed-illumination-reading-map-light.png
2551,Taxi sign light,poster/2551-taxi-sign-light.png
2553,"Exterior rear view mirror, power folding, horizontal type",poster/2553-exterior-rear-view-mirror-power-folding-horizontal-type.png
2554,Sunshade,poster/2554-sunshade.png
2555,"Rear window lift, power- operated",poster/2555-rear-window-lift-power-operated.png
2556,Ventilated seat,poster/2556-ventilated-seat.png
2557,Convertible top,poster/2557-convertible-top.png
2558,Driver airbag off or not available,poster/2558-driver-airbag-off-or-not-available.png
2559,Passenger airbag,poster/2559-passenger-airbag.png
2560,Passenger airbag off or not available,poster/2560-passenger-airbag-off-or-not-available.png
2561,Side impact airbag,poster/2561-side-impact-airbag.png
2562,Child seat,poster/2562-child-seat.png
2563,Power window lock (disable),poster/2563-power-window-lock-disable.png
2564,Motion sensor,poster/2564-motion-sensor.png
2565,Emergency first aid vehicle,poster/2565-emergency-first-aid-vehicle.png
2566,Tow truck,poster/2566-tow-truck.png
2567,Fuse box access,poster/2567-fuse-box-access.png
2569,Passenger car,poster/2569-passenger-car.png
2570,Truck/bus front view,poster/2570-truck-bus-front-view.png
2571,"Front external open step, platform or lid",poster/2571-front-external-open-step-platform-or-lid.png
2572,"Side external open step, platform or lid",poster/2572-side-external-open-step-platform-or-lid.png
2573,Jack,poster/2573-jack.png
2574,Retarder,poster/2574-retarder.png
2575,"Windscreen (windshield), electrically heated",poster/2575-windscreen-windshield-electrically-heated.png
2576,"Road vehicle, passenger compartment air filter",poster/2576-road-vehicle-passenger-compartment-air-filter.png
2577,Ventilation closed,poster/2577-ventilation-closed.png
2578,Secondary interior heating,poster/2578-secondary-interior-heating.png
2579,Traction control off or not available,poster/2579-traction-control-off-or-not-available.png
2580,Adaptive cruise control,poster/2580-adaptive-cruise-control.png
2581,Adaptive cruise control failure,poster/2581-adaptive-cruise-control-failure.png
2582,Parking aid,poster/2582-parking-aid.png
2583,Cupholder,poster/2583-cupholder.png
2584,"Exterior rear view mirror, power folding, vertical type",poster/2584-exterior-rear-view-mirror-power-folding-vertical-type.png
2585,Motion sensor off or not available,poster/2585-motion-sensor-off-or-not-available.png
2586,Stacker blade,poster/2586-stacker-blade.png
2587,"Stacker blade, lower",poster/2587-stacker-blade-lower.png
2588,"Stacker blade, raise",poster/2588-stacker-blade-raise.png
2589,"Choke, open",poster/2589-choke-open.png
2590,"Choke, closed",poster/2590-choke-closed.png
2591,Decompression valve,poster/2591-decompression-valve.png
2592,"Output shaft, speed",poster/2592-output-shaft-speed.png
2593,Exhaust gas brake,poster/2593-exhaust-gas-brake.png
2594,Ventilation open,poster/2594-ventilation-open.png
2595,,poster/2595-untitled.png
2597,Moisture in fuel system,poster/2597-moisture-in-fuel-system.png
2598,Secondary interior heating fuel level,poster/2598-secondary-interior-heating-fuel-level.png
2599,"Differential lock, one drive axle",poster/2599-differential-lock-one-drive-axle.png
2600,Inter-axle lock,poster/2600-inter-axle-lock.png
2601,Panic alarm system,poster/2601-panic-alarm-system.png
2602,Double lock,poster/2602-double-lock.png
2603,"Immobilizer, theft prevention",poster/2603-immobilizer-theft-prevention.png
2604,"Child lock, unlocked",poster/2604-child-lock-unlocked.png
2605,"Child lock, locked",poster/2605-child-lock-locked.png
2606,Do not use if package is damaged,poster/2606-do-not-use-if-package-is-damaged.png
2607,Use by date,poster/2607-use-by-date.png
2608,Do not resterilize,poster/2608-do-not-resterilize.png
2609,Non-sterile,poster/2609-non-sterile.png
2610,Patient number,poster/2610-patient-number.png
2611,Daytime running lights,poster/2611-daytime-running-lights.png
2612,"Roof ventilation, passenger car",poster/2612-roof-ventilation-passenger-car.png
2613,"Fifth-wheel coupling, locked/secure",poster/2613-fifth-wheel-coupling-locked-secure.png
2614,Icy road conditions,poster/2614-icy-road-conditions.png
2615,"Road vehicles, transmission fluid filter",poster/2615-road-vehicles-transmission-fluid-filter.png
2616,External cord connected,poster/2616-external-cord-connected.png
2617,Passenger car (rear view),poster/2617-passenger-car-rear-view.png
2618,Protective equipment for motorcycle riders,poster/2618-protective-equipment-for-motorcycle-riders.png
2619,Protection against cuts,poster/2619-protection-against-cuts.png
2620,Humidity limitation,poster/2620-humidity-limitation.png
2621,Atmospheric pressure limitation,poster/2621-atmospheric-pressure-limitation.png
2622,Retarder failure,poster/2622-retarder-failure.png
2623,"Anti-lock brake system, off or not available",poster/2623-anti-lock-brake-system-off-or-not-available.png
2624,Hill-holding system for truck,poster/2624-hill-holding-system-for-truck.png
2625,Pedal adjustment,poster/2625-pedal-adjustment.png
2626,"Air-conditioning, off or not available",poster/2626-air-conditioning-off-or-not-available.png
2627,Active seat,poster/2627-active-seat.png
2628,Fuel cap unfastened,poster/2628-fuel-cap-unfastened.png
2629,"Fifth-wheel coupling, unlock/unsecure",poster/2629-fifth-wheel-coupling-unlock-unsecure.png
2630,Road vehicle stability- control system,poster/2630-road-vehicle-stability-control-system.png
2631,Traction control failure,poster/2631-traction-control-failure.png
2632,"State of charge, propulsion battery",poster/2632-state-of-charge-propulsion-battery.png
2633,Electric motor failure,poster/2633-electric-motor-failure.png
2634,Robson drive,poster/2634-robson-drive.png
2635,Destination home,poster/2635-destination-home.png
2636,Protective roll bar,poster/2636-protective-roll-bar.png
2637,"Excavator/backhoe, power boost",poster/2637-excavator-backhoe-power-boost.png
2638,"Excavator/backhoe, work mode selector",poster/2638-excavator-backhoe-work-mode-selector.png
2639,Limited performance mode,poster/2639-limited-performance-mode.png
2640,North indicator,poster/2640-north-indicator.png
2641,Fuel type,poster/2641-fuel-type.png
2642,"Hydraulic cylinder, lock",poster/2642-hydraulic-cylinder-lock.png
2643,"Hydraulic cylinder, unlock",poster/2643-hydraulic-cylinder-unlock.png
2644,Wind draught deflector,poster/2644-wind-draught-deflector.png
2645,Height control,poster/2645-height-control.png
2646,,poster/2646-untitled.png
2647,"Transmission system pressure, road vehicles",poster/2647-transmission-system-pressure-road-vehicles.png
2648,Hill descent control,poster/2648-hill-descent-control.png
2649,Stability off or not available,poster/2649-stability-off-or-not-available.png
2650,Rear lift-glass,poster/2650-rear-lift-glass.png
2651,,poster/2651-untitled.png
2652,,poster/2652-untitled.png
2653,,poster/2653-untitled.png
2654,,poster/2654-untitled.png
2655,,poster/2655-untitled.png
2656,,poster/2656-untitled.png
2657,,poster/2657-untitled.png
2658,,poster/2658-untitled.png
2659,Suitable for use on electric cooker with induction plate in glass ceramic,poster/2659-suitable-for-use-on-electric-cooker-with-induction-plate-in-.png
2660,Suitable for use on electric cooker with radiant ring,poster/2660-suitable-for-use-on-electric-cooker-with-radiant-ring.png
2661,Suitable for use on electric cooker with solid hob,poster/2661-suitable-for-use-on-electric-cooker-with-solid-hob.png
2662,Suitable for use on electric cooker with radiant plate in glass ceramic,poster/2662-suitable-for-use-on-electric-cooker-with-radiant-plate-in-gl.png
2663,Suitable for use on gas,poster/2663-suitable-for-use-on-gas.png
2664,"Turn signal, trailer, commercial road vehicles",poster/2664-turn-signal-trailer-commercial-road-vehicles.png
2665,Night vision,poster/2665-night-vision.png
2666,Footwell illumination,poster/2666-footwell-illumination.png
2667,Low-level interior illumination (night driving),poster/2667-low-level-interior-illumination-night-driving.png
2668,Sleeper compartment illumination,poster/2668-sleeper-compartment-illumination.png
2669,Bend lighting,poster/2669-bend-lighting.png
2670,"Anti-lock brake system (ABS), trailer",poster/2670-anti-lock-brake-system-abs-trailer.png
2671,"Anti-lock brake system (ABS), trailer, off or not available",poster/2671-anti-lock-brake-system-abs-trailer-off-or-not-available.png
2672,Trailer brake,poster/2672-trailer-brake.png
2673,"Glare prevention, exterior mirror, vertical",poster/2673-glare-prevention-exterior-mirror-vertical.png
2674,"Glare prevention exterior mirror, horizontal",poster/2674-glare-prevention-exterior-mirror-horizontal.png
2675,Sleeper compartment air circulation,poster/2675-sleeper-compartment-air-circulation.png
2676,Refrigerator,poster/2676-refrigerator.png
2677,Body/cargo heater,poster/2677-body-cargo-heater.png
2679,"Engine status information, road vehicles",poster/2679-engine-status-information-road-vehicles.png
2680,Steering wheel lock,poster/2680-steering-wheel-lock.png
2681,Forward collision warning system (FCWS),poster/2681-forward-collision-warning-system-fcws.png
2682,Lane departure warning system (LDWS),poster/2682-lane-departure-warning-system-ldws.png
2683,Protection against welding hazards,poster/2683-protection-against-welding-hazards.png
2684,Manual activation control,poster/2684-manual-activation-control.png
2685,Fire alarm,poster/2685-fire-alarm.png
2686,Tow point,poster/2686-tow-point.png
2687,"Rope/cable, breaking",poster/2687-rope-cable-breaking.png
2688,"Rope/cable, slack",poster/2688-rope-cable-slack.png
2689,High torque; high force,poster/2689-high-torque-high-force.png
2690,Wheels in straight position,poster/2690-wheels-in-straight-position.png
2691,"Direction of travel, forward or rearward",poster/2691-direction-of-travel-forward-or-rearward.png
2692,"Mobile elevating work platform, boom slewing",poster/2692-mobile-elevating-work-platform-boom-slewing.png
2693,"Mobile elevating work platform, boom lock",poster/2693-mobile-elevating-work-platform-boom-lock.png
2694,Mobile elevating work platform on level surface,poster/2694-mobile-elevating-work-platform-on-level-surface.png
2695,Mobile elevating work platform on rough terrain,poster/2695-mobile-elevating-work-platform-on-rough-terrain.png
2696,Mobile elevating work platform on slope,poster/2696-mobile-elevating-work-platform-on-slope.png
2697,"Back-up or emergency pump, electrically powered",poster/2697-back-up-or-emergency-pump-electrically-powered.png
2698,"Back-up or emergency pump, manually powered",poster/2698-back-up-or-emergency-pump-manually-powered.png
2699,Steer,poster/2699-steer.png
2700,Additive solution,poster/2700-additive-solution.png
2701,Anticoagulant,poster/2701-anticoagulant.png
2702,Anticoagulant solution,poster/2702-anticoagulant-solution.png
2703,Blood or blood component container,poster/2703-blood-or-blood-component-container.png
2704,Buffy coat,poster/2704-buffy-coat.png
2705,Buffy coat container,poster/2705-buffy-coat-container.png
2706,Processing,poster/2706-processing.png
2707,Plasma,poster/2707-plasma.png
2708,Plasma container,poster/2708-plasma-container.png
2709,Platelets concentrate,poster/2709-platelets-concentrate.png
2710,Platelets container,poster/2710-platelets-container.png
2711,Processing container,poster/2711-processing-container.png
2712,Red blood cell concentrate,poster/2712-red-blood-cell-concentrate.png
2713,Red blood cell container,poster/2713-red-blood-cell-container.png
2714,Saline solution,poster/2714-saline-solution.png
2715,Sampling site,poster/2715-sampling-site.png
2716,Pathogen reduced,poster/2716-pathogen-reduced.png
2717,Pathogen reduced processing,poster/2717-pathogen-reduced-processing.png
2718,Whole blood,poster/2718-whole-blood.png
2719,Whole blood container,poster/2719-whole-blood-container.png
2720,Leukocyte filtered,poster/2720-leukocyte-filtered.png
2721,Leukocyte filtration,poster/2721-leukocyte-filtration.png
2722,Fluid path,poster/2722-fluid-path.png
2723,Non-pyrogenic fluid path,poster/2723-non-pyrogenic-fluid-path.png
2724,Non-pyrogenic,poster/2724-non-pyrogenic.png
2725,Contains or presence of,poster/2725-contains-or-presence-of.png
2726,Drops per milliliter,poster/2726-drops-per-milliliter.png
2727,Liquid filter with pore size,poster/2727-liquid-filter-with-pore-size.png
2728,One-way valve,poster/2728-one-way-valve.png
2729,"Machine or system module or unit, general",poster/2729-machine-or-system-module-or-unit-general.png
2730,"Device, external, general",poster/2730-device-external-general.png
2731,"Web, printing",poster/2731-web-printing.png
2732,"Coatings, varnish",poster/2732-coatings-varnish.png
2733,Glue,poster/2733-glue.png
2734,Washing solution,poster/2734-washing-solution.png
2735,"Test, general",poster/2735-test-general.png
2736,"Zone, general",poster/2736-zone-general.png
2737,Register,poster/2737-register.png
2738,Knife,poster/2738-knife.png
2739,Strap,poster/2739-strap.png
2740,Synchronize,poster/2740-synchronize.png
2741,Default font,poster/2741-default-font.png
2742,Cutting; trimming,poster/2742-cutting-trimming.png
2743,Two-knife cutting; two- knife trimming,poster/2743-two-knife-cutting-two-knife-trimming.png
2744,Push product,poster/2744-push-product.png
2745,"Push product, automatic cycle",poster/2745-push-product-automatic-cycle.png
2746,Offset stack,poster/2746-offset-stack.png
2747,Sheet overlap/shingle,poster/2747-sheet-overlap-shingle.png
2748,Printing unit,poster/2748-printing-unit.png
2749,"Counter, preset",poster/2749-counter-preset.png
2750,"Counter, reset",poster/2750-counter-reset.png
2751,"Web dimension, substrate thickness",poster/2751-web-dimension-substrate-thickness.png
2752,"Web dimension, width",poster/2752-web-dimension-width.png
2753,Double needle apheresis protocol,poster/2753-double-needle-apheresis-protocol.png
2754,Single needle apheresis protocol,poster/2754-single-needle-apheresis-protocol.png
2755,Rope reeve - Single fall,poster/2755-rope-reeve-single-fall.png
2756,Rope reeve - Two falls,poster/2756-rope-reeve-two-falls.png
2757,Rope reeve - Four falls,poster/2757-rope-reeve-four-falls.png
2758,Crane trolley,poster/2758-crane-trolley.png
2759,Crane base - rail mounted,poster/2759-crane-base-rail-mounted.png
2760,Product information; Information point,poster/2760-product-information-information-point.png
2761,Slewing in both directions unlocked (Jib weathervaning),poster/2761-slewing-in-both-directions-unlocked-jib-weathervaning.png
2762,Tower cranes assembled from component parts,poster/2762-tower-cranes-assembled-from-component-parts.png
2763,Self-erecting cranes,poster/2763-self-erecting-cranes.png
2765,Limit override - in one direction,poster/2765-limit-override-in-one-direction.png
2766,Turning moment limiting device for tower cranes assembled from component parts - moment value,poster/2766-turning-moment-limiting-device-for-tower-cranes-assembled-fr.png
2767,Turning moment limiting device for self erecting cranes - moment value,poster/2767-turning-moment-limiting-device-for-self-erecting-cranes-mome.png
2768,Load limiting device - load value,poster/2768-load-limiting-device-load-value.png
2769,"Crane base-rail mounted, travel limit device; one direction",poster/2769-crane-base-rail-mounted-travel-limit-device-one-direction.png
2770,"Crane base-rail mounted, travel limit device; two directions",poster/2770-crane-base-rail-mounted-travel-limit-device-two-directions.png
2771,Slew limit device - clockwise,poster/2771-slew-limit-device-clockwise.png
2772,Slew limit device - anticlockwise,poster/2772-slew-limit-device-anticlockwise.png
2773,Upper luffing limit device,poster/2773-upper-luffing-limit-device.png
2774,Lower luffing limit device,poster/2774-lower-luffing-limit-device.png
2775,Upper luffing limit override device,poster/2775-upper-luffing-limit-override-device.png
2776,Lower luffing limit override device,poster/2776-lower-luffing-limit-override-device.png
2777,Upper hoist limit device,poster/2777-upper-hoist-limit-device.png
2778,Lower hoist limit device,poster/2778-lower-hoist-limit-device.png
2779,Upper hoist limit override,poster/2779-upper-hoist-limit-override.png
2780,Trolley travelling limit device - backward,poster/2780-trolley-travelling-limit-device-backward.png
2781,Trolley travelling limit device - forward,poster/2781-trolley-travelling-limit-device-forward.png
2782,Trolley travelling backwards,poster/2782-trolley-travelling-backwards.png
2783,Trolley travelling forwards,poster/2783-trolley-travelling-forwards.png
2784,Ultrasonic bath,poster/2784-ultrasonic-bath.png
2785,Washer-disinfector for thermal disinfection,poster/2785-washer-disinfector-for-thermal-disinfection.png
2786,Disinfectant for hands,poster/2786-disinfectant-for-hands.png
2787,Disinfectant for hand-held and rotary dental instruments,poster/2787-disinfectant-for-hand-held-and-rotary-dental-instruments.png
2788,Disinfectant for work surfaces,poster/2788-disinfectant-for-work-surfaces.png
2789,Disinfectant for floor and walls,poster/2789-disinfectant-for-floor-and-walls.png
2790,Disinfectant for dental impression materials,poster/2790-disinfectant-for-dental-impression-materials.png
2791,Assortment,poster/2791-assortment.png
2792,Cannot be sold separately,poster/2792-cannot-be-sold-separately.png
2793,Material symbol,poster/2793-material-symbol.png
2794,Packaging unit,poster/2794-packaging-unit.png
2795,Opened packages are not replaced,poster/2795-opened-packages-are-not-replaced.png
2796,"Obstacle warning system, side rear",poster/2796-obstacle-warning-system-side-rear.png
2797,"Engine, power boost",poster/2797-engine-power-boost.png
2798,Engine cooling fax,poster/2798-engine-cooling-fax.png
2799,Suspended axle,poster/2799-suspended-axle.png
2800,"Headland turning, combine harvester",poster/2800-headland-turning-combine-harvester.png
2801,"Tractor, headland turning",poster/2801-tractor-headland-turning.png
2802,"Forage harvester, shear bar- to-cutterhead distance",poster/2802-forage-harvester-shear-bar-to-cutterhead-distance.png
2803,"Grain processor, roll distance",poster/2803-grain-processor-roll-distance.png
2804,"Harvesting equipment, header row number or number of rows",poster/2804-harvesting-equipment-header-row-number-or-number-of-rows.png
2805,"Log feeder, additional clamping force on rollers",poster/2805-log-feeder-additional-clamping-force-on-rollers.png
2806,"Log feeder, stepwise rotation of feeding rollers",poster/2806-log-feeder-stepwise-rotation-of-feeding-rollers.png
2807,"Wheel machine, cab levelling, fore-and-aft",poster/2807-wheel-machine-cab-levelling-fore-and-aft.png
2808,"Track machine, cab levelling, fore-and-aft",poster/2808-track-machine-cab-levelling-fore-and-aft.png
2809,Protection against ionizing radiation,poster/2809-protection-against-ionizing-radiation.png
2810,Fast operation,poster/2810-fast-operation.png
2811,Slow operation,poster/2811-slow-operation.png
2812,Very slow operation; creeper,poster/2812-very-slow-operation-creeper.png
2813,Operator alert,poster/2813-operator-alert.png
2814,Navigate menu options,poster/2814-navigate-menu-options.png
2815,Automatic steering; automatic guidance,poster/2815-automatic-steering-automatic-guidance.png
2817,Log length,poster/2817-log-length.png
2818,Intercom,poster/2818-intercom.png
2819,Pre-mix of foam solution,poster/2819-pre-mix-of-foam-solution.png
2820,Powder,poster/2820-powder.png
2821,"Fire pump, general",poster/2821-fire-pump-general.png
2822,"Fire pump, priming",poster/2822-fire-pump-priming.png
2823,"Fire pump, draining",poster/2823-fire-pump-draining.png
2824,"Fire pump, engage",poster/2824-fire-pump-engage.png
2825,"Fire pump, disengage",poster/2825-fire-pump-disengage.png
2826,"Fire pump, air purge valve",poster/2826-fire-pump-air-purge-valve.png
2827,"Fire pump, by-pass",poster/2827-fire-pump-by-pass.png
2828,Card reading device,poster/2828-card-reading-device.png
2829,Insert card,poster/2829-insert-card.png
2830,Non-contact card operation,poster/2830-non-contact-card-operation.png
2831,Touch screen,poster/2831-touch-screen.png
2832,Cash machine out of service,poster/2832-cash-machine-out-of-service.png
2833,Enter number; enter PIN code,poster/2833-enter-number-enter-pin-code.png
2834,Query: receipt wanted?,poster/2834-query-receipt-wanted.png
2835,Take receipt,poster/2835-take-receipt.png
2836,Receipt not available,poster/2836-receipt-not-available.png
2837,Remove card,poster/2837-remove-card.png
2838,Remove cash,poster/2838-remove-cash.png
2839,Windscreen washer fluid heating,poster/2839-windscreen-washer-fluid-heating.png
2840,"Side impact airbag, off",poster/2840-side-impact-airbag-off.png
2841,Front wiper de-ice electric heating system,poster/2841-front-wiper-de-ice-electric-heating-system.png
2842,"Head restraint, fold down",poster/2842-head-restraint-fold-down.png
2843,Heated steering wheel,poster/2843-heated-steering-wheel.png
2845,Axle fluid temperature,poster/2845-axle-fluid-temperature.png
2846,"Drawbar coupling, locked/secure",poster/2846-drawbar-coupling-locked-secure.png
2847,"Drawbar coupling, unlocked/unsecure",poster/2847-drawbar-coupling-unlocked-unsecure.png
2848,"Passenger side impact airbag, off",poster/2848-passenger-side-impact-airbag-off.png
2849,Smart card; smart key,poster/2849-smart-card-smart-key.png
2850,Drawbar angle warning,poster/2850-drawbar-angle-warning.png
2851,Dental prophylaxis,poster/2851-dental-prophylaxis.png
2852,Orthodontics,poster/2852-orthodontics.png
2853,Jaw surgery,poster/2853-jaw-surgery.png
2854,Implantology,poster/2854-implantology.png
2855,Post system,poster/2855-post-system.png
2856,Cavity preparation,poster/2856-cavity-preparation.png
2857,Removal of old fillings,poster/2857-removal-of-old-fillings.png
2858,Working on fillings,poster/2858-working-on-fillings.png
2859,Crown preparation,poster/2859-crown-preparation.png
2860,Crown cutting,poster/2860-crown-cutting.png
2861,Root canal preparation,poster/2861-root-canal-preparation.png
2862,Root planing,poster/2862-root-planing.png
2863,Precision technique,poster/2863-precision-technique.png
2865,Model fabrication,poster/2865-model-fabrication.png
2866,Acrylic technique,poster/2866-acrylic-technique.png
2867,Crown and bridge technique,poster/2867-crown-and-bridge-technique.png
2868,Sterilizable in a steam sterilizer (autoclave) at temperature specified,poster/2868-sterilizable-in-a-steam-sterilizer-autoclave-at-temperature-.png
2869,Fork-lift pocket,poster/2869-fork-lift-pocket.png
2870,Retract axles,poster/2870-retract-axles.png
2871,Extend axles,poster/2871-extend-axles.png
2872,"Axle lock, on or available",poster/2872-axle-lock-on-or-available.png
2873,"Axle lock, off or not available",poster/2873-axle-lock-off-or-not-available.png
2874,Mobile elevating work platform (MEWP) on lorry,poster/2874-mobile-elevating-work-platform-mewp-on-lorry.png
2875,"Platform externsion, extend (out)",poster/2875-platform-externsion-extend-out.png
2876,"Platform extension, retract (in)",poster/2876-platform-extension-retract-in.png
2877,"Mobile elevating work platform (MEWP) on lorry, boom, extend/retract",poster/2877-mobile-elevating-work-platform-mewp-on-lorry-boom-extend-ret.png
2878,"Mobile elevating work platform (MEWP) on lorry, boom, raise/lower",poster/2878-mobile-elevating-work-platform-mewp-on-lorry-boom-raise-lowe.png
2879,"Jib winch, raise/lower load",poster/2879-jib-winch-raise-lower-load.png
2880,"Jib, tilt up/down (with winch)",poster/2880-jib-tilt-up-down-with-winch.png
2881,"Jib, extend/retract (with winch)",poster/2881-jib-extend-retract-with-winch.png
2882,"Jib winch, raise/lower load, lower controls",poster/2882-jib-winch-raise-lower-load-lower-controls.png
2883,"Engine speed, fast; high engine speed",poster/2883-engine-speed-fast-high-engine-speed.png
2884,"Engine speed, slow; low engine speed",poster/2884-engine-speed-slow-low-engine-speed.png
2885,Interrupted feed,poster/2885-interrupted-feed.png
2886,Two-hand operation,poster/2886-two-hand-operation.png
2887,Tarry; dwell,poster/2887-tarry-dwell.png
2888,Jaw (gear) clutch,poster/2888-jaw-gear-clutch.png
2889,"Workpiece, finished part",poster/2889-workpiece-finished-part.png
2890,Workpiece not present (missed),poster/2890-workpiece-not-present-missed.png
2891,"Workpiece chuck, rotational",poster/2891-workpiece-chuck-rotational.png
2892,Workpiece conveyor,poster/2892-workpiece-conveyor.png
2893,Alignment of workpiece,poster/2893-alignment-of-workpiece.png
2894,Workpiece handling device,poster/2894-workpiece-handling-device.png
2895,Workpiece silo conveyor,poster/2895-workpiece-silo-conveyor.png
2896,Workpiece vertical elevator,poster/2896-workpiece-vertical-elevator.png
2897,Workpiece timed vertical elevator,poster/2897-workpiece-timed-vertical-elevator.png
2898,Push workpiece,poster/2898-push-workpiece.png
2899,"Workpiece separation, stop",poster/2899-workpiece-separation-stop.png
2900,"Workpiece entrance, full",poster/2900-workpiece-entrance-full.png
2901,"Workpiece entrance, empty",poster/2901-workpiece-entrance-empty.png
2902,"Workpiece outlet, full",poster/2902-workpiece-outlet-full.png
2903,"Workpiece outlet buffer, empty",poster/2903-workpiece-outlet-buffer-empty.png
2904,Chips conveyor,poster/2904-chips-conveyor.png
2908,Fill up to level,poster/2908-fill-up-to-level.png
2909,Lubricant filter,poster/2909-lubricant-filter.png
2910,Observation glass,poster/2910-observation-glass.png
2911,Observation glass with indicator,poster/2911-observation-glass-with-indicator.png
2912,"Accumulator, filled",poster/2912-accumulator-filled.png
2913,"Accumulator, empty",poster/2913-accumulator-empty.png
2914,Cock,poster/2914-cock.png
2915,Bleeder; purge device,poster/2915-bleeder-purge-device.png
2916,Copying device,poster/2916-copying-device.png
2917,Tailstock spindle sleeve,poster/2917-tailstock-spindle-sleeve.png
2918,Spindle rotation; spindle rotation speed,poster/2918-spindle-rotation-spindle-rotation-speed.png
2919,Revolution of spindle in direction of arrow (right),poster/2919-revolution-of-spindle-in-direction-of-arrow-right.png
2920,Revolution of spindle in direction of arrow (left),poster/2920-revolution-of-spindle-in-direction-of-arrow-left.png
2921,"Rotary tool, clamp",poster/2921-rotary-tool-clamp.png
2922,"Rotary tool, unclamp",poster/2922-rotary-tool-unclamp.png
2923,Cutting of tool with liquid spray,poster/2923-cutting-of-tool-with-liquid-spray.png
2924,Lifting of cutting tool,poster/2924-lifting-of-cutting-tool.png
2925,Crash of cutting tool; breakage of cutting tool,poster/2925-crash-of-cutting-tool-breakage-of-cutting-tool.png
2926,Longitudinal turning,poster/2926-longitudinal-turning.png
2927,Transverse turning,poster/2927-transverse-turning.png
2928,Slide with tool holder,poster/2928-slide-with-tool-holder.png
2929,Combination tool holder,poster/2929-combination-tool-holder.png
2930,Top slide,poster/2930-top-slide.png
2931,"Carriage, saddle",poster/2931-carriage-saddle.png
2932,Spindle holder,poster/2932-spindle-holder.png
2933,"Turning spindle stopped, adjusted",poster/2933-turning-spindle-stopped-adjusted.png
2934,Gripper spindle; counter spindle,poster/2934-gripper-spindle-counter-spindle.png
2935,"Material (bar) loading guide, all bars in use (filled)",poster/2935-material-bar-loading-guide-all-bars-in-use-filled.png
2936,"Material (bar) loading guide, 1 bar used up",poster/2936-material-bar-loading-guide-1-bar-used-up.png
2937,"Material (bar) loading guide, all bars used up (empty)",poster/2937-material-bar-loading-guide-all-bars-used-up-empty.png
2938,"Bar end, bar feed end",poster/2938-bar-end-bar-feed-end.png
2939,Material stop; bar stop engaged (on),poster/2939-material-stop-bar-stop-engaged-on.png
2940,Material stop; bar stop disengaged (off),poster/2940-material-stop-bar-stop-disengaged-off.png
2941,Internal cylindrical grinding spindle,poster/2941-internal-cylindrical-grinding-spindle.png
2942,Grinding spindle head,poster/2942-grinding-spindle-head.png
2943,Supporting wheel with grinding wheel,poster/2943-supporting-wheel-with-grinding-wheel.png
2944,Gear hobbing,poster/2944-gear-hobbing.png
2945,Engine emissions system,poster/2945-engine-emissions-system.png
2946,Diesel exhaust fluid (DEF); selective catalytic reduction (SCR) fluid,poster/2946-diesel-exhaust-fluid-def-selective-catalytic-reduction-scr-f.png
2947,"Engine emissions filter, regeneration, disable",poster/2947-engine-emissions-filter-regeneration-disable.png
2948,Limited protection against sunglare,poster/2948-limited-protection-against-sunglare.png
2949,Good protection against sunglare,poster/2949-good-protection-against-sunglare.png
2950,High protection against sunglare,poster/2950-high-protection-against-sunglare.png
2951,High protection against extreme sunglare,poster/2951-high-protection-against-extreme-sunglare.png
2953,"Position lights, trailer",poster/2953-position-lights-trailer.png
2954,"Interior light, trailer",poster/2954-interior-light-trailer.png
2955,Snowplough lights,poster/2955-snowplough-lights.png
2956,Automatic high beam,poster/2956-automatic-high-beam.png
2957,Automatic low beam,poster/2957-automatic-low-beam.png
2958,"Interior temperature, trailer",poster/2958-interior-temperature-trailer.png
2959,Transmission service,poster/2959-transmission-service.png
2960,Child seat presence and orientation detection system (CPOD),poster/2960-child-seat-presence-and-orientation-detection-system-cpod.png
2961,"Obstacle detection, proximity of vehicle",poster/2961-obstacle-detection-proximity-of-vehicle.png
2962,"Hood release, truck",poster/2962-hood-release-truck.png
2963,Head-up display (HUD),poster/2963-head-up-display-hud.png
2965,Roof transparency,poster/2965-roof-transparency.png
2966,Drowsiness,poster/2966-drowsiness.png
2967,Stabilizers extended and vehicle in stable position,poster/2967-stabilizers-extended-and-vehicle-in-stable-position.png
2968,House stabilizers; house outriggers,poster/2968-house-stabilizers-house-outriggers.png
2969,Additional hazard warning light,poster/2969-additional-hazard-warning-light.png
2970,Foam concentrate,poster/2970-foam-concentrate.png
2971,Additive,poster/2971-additive.png
2972,Fire pump intake,poster/2972-fire-pump-intake.png
2973,Fire pump delivery,poster/2973-fire-pump-delivery.png
2974,Filling by fire pump,poster/2974-filling-by-fire-pump.png
2975,Tank heater,poster/2975-tank-heater.png
2976,Pressure vessel,poster/2976-pressure-vessel.png
2977,"Pressure vessel, pressure",poster/2977-pressure-vessel-pressure.png
2978,"Pressure vessel, outlet",poster/2978-pressure-vessel-outlet.png
2979,"Pressure vessel, drain",poster/2979-pressure-vessel-drain.png
2980,"Pressure vessel, decompression",poster/2980-pressure-vessel-decompression.png
2981,Gas cylinder under pressure,poster/2981-gas-cylinder-under-pressure.png
2982,Cage carrying capacity,poster/2982-cage-carrying-capacity.png
2983,Turntable ladder (base symbol),poster/2983-turntable-ladder-base-symbol.png
2984,Turntable ladder rotate clockwise,poster/2984-turntable-ladder-rotate-clockwise.png
2985,"Turntable ladder, rotate anti- clockwise",poster/2985-turntable-ladder-rotate-anti-clockwise.png
2986,"Turntable ladder, extend",poster/2986-turntable-ladder-extend.png
2987,"Turntable ladder, retract",poster/2987-turntable-ladder-retract.png
2988,"Turntable ladder, elevate",poster/2988-turntable-ladder-elevate.png
2989,"Turntable ladder, depress",poster/2989-turntable-ladder-depress.png
2990,Align ladder,poster/2990-align-ladder.png
2991,Hydraulic platform (base symbol),poster/2991-hydraulic-platform-base-symbol.png
2992,"Hydraulic platform, rotate closckwise",poster/2992-hydraulic-platform-rotate-closckwise.png
2993,"Hydraulic platform, rotate anti-clockwise",poster/2993-hydraulic-platform-rotate-anti-clockwise.png
2994,"Hydraulic platform, extend boom",poster/2994-hydraulic-platform-extend-boom.png
2995,"Hydraulic platform, retract boom",poster/2995-hydraulic-platform-retract-boom.png
2996,"Hydraulic platform, elevate boom",poster/2996-hydraulic-platform-elevate-boom.png
2997,"Hydraulic platform, depress boom",poster/2997-hydraulic-platform-depress-boom.png
2998,"Circuit other than electrical, open",poster/2998-circuit-other-than-electrical-open.png
2999,"Circuit other than electrical, closed",poster/2999-circuit-other-than-electrical-closed.png
3000,"Winch angle, maximum",poster/3000-winch-angle-maximum.png
3001,Closing deflector,poster/3001-closing-deflector.png
3002,Opening deflector,poster/3002-opening-deflector.png
3003,Hose reel,poster/3003-hose-reel.png
3004,"Hose reel, wind out",poster/3004-hose-reel-wind-out.png
3005,"Hose reel, wind in",poster/3005-hose-reel-wind-in.png
3006,Flushing,poster/3006-flushing.png
3007,Branch pipe,poster/3007-branch-pipe.png
3008,"Professional industrial laundering, tumble drying",poster/3008-professional-industrial-laundering-tumble-drying.png
3009,"Professional industrial laundering, tunnel finishing",poster/3009-professional-industrial-laundering-tunnel-finishing.png
3010,"RFID tag, general",poster/3010-rfid-tag-general.png
3011,"RFID tag, specific air interface and data structure",poster/3011-rfid-tag-specific-air-interface-and-data-structure.png
3012,RFID interrogator,poster/3012-rfid-interrogator.png
3013,"Loading device, up",poster/3013-loading-device-up.png
3014,Loading device down,poster/3014-loading-device-down.png
3015,"Loading device, to right",poster/3015-loading-device-to-right.png
3016,"Loading device, to left",poster/3016-loading-device-to-left.png
3017,"Conveyor boom, up, front",poster/3017-conveyor-boom-up-front.png
3018,"Conveyor boom, down, front",poster/3018-conveyor-boom-down-front.png
3019,"Conveyor boom, up, rear",poster/3019-conveyor-boom-up-rear.png
3020,"Conveyor boom, down, rear",poster/3020-conveyor-boom-down-rear.png
3021,"Conveyor belt, forward",poster/3021-conveyor-belt-forward.png
3022,Conveyor belt reverse,poster/3022-conveyor-belt-reverse.png
3023,"Bridgehead, to left",poster/3023-bridgehead-to-left.png
3024,"Bridgehead, to right",poster/3024-bridgehead-to-right.png
3025,Axle load,poster/3025-axle-load.png
3026,Engine stop required,poster/3026-engine-stop-required.png
3027,Parking assistance system,poster/3027-parking-assistance-system.png
3028,Rest break recommended,poster/3028-rest-break-recommended.png
3029,Forward motion inhibited,poster/3029-forward-motion-inhibited.png
3030,Propulsion system failure,poster/3030-propulsion-system-failure.png
3031,"Fuel tank shut-off valve position, &quot;on&quot;",poster/3031-fuel-tank-shut-off-valve-position-quot-on-quot.png
3032,"Fuel tank shut-off valve position, &quot;reserve&quot;",poster/3032-fuel-tank-shut-off-valve-position-quot-reserve-quot.png
3034,Helmet lock; helmet holder,poster/3034-helmet-lock-helmet-holder.png
3035,"Windscreen, adjustment type",poster/3035-windscreen-adjustment-type.png
3036,Handgrip heater,poster/3036-handgrip-heater.png
3037,Machine immobilizer,poster/3037-machine-immobilizer.png
3038,"Pacemaker, single chamber, right ventricular",poster/3038-pacemaker-single-chamber-right-ventricular.png
3039,"Pacemaker, single chamber, right atrial",poster/3039-pacemaker-single-chamber-right-atrial.png
3040,"Pacemaker, dual chamber, right atrial, right ventricular",poster/3040-pacemaker-dual-chamber-right-atrial-right-ventricular.png
3041,"Implantable cardioverter defibrillator, single chamber, right ventricular",poster/3041-implantable-cardioverter-defibrillator-single-chamber-right-.png
3042,"Implantable cardioverter defibrillator, dual chamber, right atrial, right ventricular",poster/3042-implantable-cardioverter-defibrillator-dual-chamber-right-at.png
3043,"Cardiac resynchronization therapy pacemaker, right atrial, right ventricular, left ventricular",poster/3043-cardiac-resynchronization-therapy-pacemaker-right-atrial-rig.png
3044,"Cardiac resynchronization therapy defibrillator, right atrial, right ventricular, left ventricular",poster/3044-cardiac-resynchronization-therapy-defibrillator-right-atrial.png
3045,Implantable device,poster/3045-implantable-device.png
3046,"Implantable device, coated",poster/3046-implantable-device-coated.png
3047,Maximum tracking rate and minimum rate,poster/3047-maximum-tracking-rate-and-minimum-rate.png
3048,Minimum tracking rate,poster/3048-minimum-tracking-rate.png
3049,"Amplitude and pulse width, general",poster/3049-amplitude-and-pulse-width-general.png
3050,"Amplitude and pulse width, right atrial",poster/3050-amplitude-and-pulse-width-right-atrial.png
3051,"Amplitude and pulse width, left ventricular",poster/3051-amplitude-and-pulse-width-left-ventricular.png
3052,"Amplitude and pulse width, right ventricular",poster/3052-amplitude-and-pulse-width-right-ventricular.png
3053,Sensitivity,poster/3053-sensitivity.png
3054,"Sensitivity, right atrial",poster/3054-sensitivity-right-atrial.png
3055,"Sensitivity, right ventricular",poster/3055-sensitivity-right-ventricular.png
3056,"Refractory period, right atrial",poster/3056-refractory-period-right-atrial.png
3057,"Refractory period, right ventricular",poster/3057-refractory-period-right-ventricular.png
3058,"Refractory period, post ventricular",poster/3058-refractory-period-post-ventricular.png
3059,Refractory period,poster/3059-refractory-period.png
3060,"Atrial to ventricular interval, paced and sensed",poster/3060-atrial-to-ventricular-interval-paced-and-sensed.png
3061,Sensed atrial to ventricular interval,poster/3061-sensed-atrial-to-ventricular-interval.png
3062,Header face,poster/3062-header-face.png
3063,Single pole high voltage connector cavity for defibrillator,poster/3063-single-pole-high-voltage-connector-cavity-for-defibrillator.png
3064,Four pole high voltage connector cavity for defibrillator,poster/3064-four-pole-high-voltage-connector-cavity-for-defibrillator.png
3065,Single pole low voltage connector cavity for pacemaker and defibrillator,poster/3065-single-pole-low-voltage-connector-cavity-for-pacemaker-and-d.png
3066,Four pole low voltage connector cavity for pacemaker and defibrillator,poster/3066-four-pole-low-voltage-connector-cavity-for-pacemaker-and-def.png
3068,Legacy connector cavity,poster/3068-legacy-connector-cavity.png
3069,Defibrillation,poster/3069-defibrillation.png
3070,Atrial or ventricular cardioversion,poster/3070-atrial-or-ventricular-cardioversion.png
3071,Ventricular cardioversion,poster/3071-ventricular-cardioversion.png
3072,"Anti-tachycardia pacing, right atrial and right ventricular",poster/3072-anti-tachycardia-pacing-right-atrial-and-right-ventricular.png
3073,"Anti-tachycardia pacing, right atrial",poster/3073-anti-tachycardia-pacing-right-atrial.png
3074,"Anti-tachycardia pacing, right ventricular",poster/3074-anti-tachycardia-pacing-right-ventricular.png
3075,"Anti-tachycardia pacing (right atrial, right ventricular, left ventricular)",poster/3075-anti-tachycardia-pacing-right-atrial-right-ventricular-left-.png
3076,"Anti-tachycardia pacing, left ventricular",poster/3076-anti-tachycardia-pacing-left-ventricular.png
3077,Torque wrench for implantable pulse generator,poster/3077-torque-wrench-for-implantable-pulse-generator.png
3078,Vein lifter,poster/3078-vein-lifter.png
3079,Open here,poster/3079-open-here.png
3080,Flat drying,poster/3080-flat-drying.png
3081,"Ironing, general",poster/3081-ironing-general.png
3082,Manufacturer,poster/3082-manufacturer.png
3083,In vitro diagnostic (IVD) device for performance evaluation,poster/3083-in-vitro-diagnostic-ivd-device-for-performance-evaluation.png
3084,Sterile fluid path,poster/3084-sterile-fluid-path.png
3085,"Washing, general",poster/3085-washing-general.png
3086,"Washing, normal process, maximum 30 Celsius",poster/3086-washing-normal-process-maximum-30-celsius.png
3087,"Washing, mild process, maximum 30 Celsius",poster/3087-washing-mild-process-maximum-30-celsius.png
3088,"Washing, very mild process, maximum 30 Celsius",poster/3088-washing-very-mild-process-maximum-30-celsius.png
3089,"Washing, normal process, maximum 40 Celsius",poster/3089-washing-normal-process-maximum-40-celsius.png
3090,"Washing, mild process, maximum 40 Celsius",poster/3090-washing-mild-process-maximum-40-celsius.png
3091,"Washing, very mild process, maximum 40 Celsius",poster/3091-washing-very-mild-process-maximum-40-celsius.png
3092,"Washing, normal process, maximum 50 Celsius",poster/3092-washing-normal-process-maximum-50-celsius.png
3093,"Washing, mild process, maximum 50 Celsius",poster/3093-washing-mild-process-maximum-50-celsius.png
3094,"Washing, normal process, maximum 60 Celsius",poster/3094-washing-normal-process-maximum-60-celsius.png
3095,"Washing, mild process, maximum 60 Celsius",poster/3095-washing-mild-process-maximum-60-celsius.png
3096,"Washing, normal process, maximum 70 Celsius",poster/3096-washing-normal-process-maximum-70-celsius.png
3097,"Washing, normal process, maximum 95 Celsius",poster/3097-washing-normal-process-maximum-95-celsius.png
3098,Bleaching by any agents,poster/3098-bleaching-by-any-agents.png
3099,Bleaching with non- chlorine agents,poster/3099-bleaching-with-non-chlorine-agents.png
3100,,poster/3100-untitled.png
3101,Flat drip drying,poster/3101-flat-drip-drying.png
3102,Flat drip drying in shade,poster/3102-flat-drip-drying-in-shade.png
3103,,poster/3103-untitled.png
3104,,poster/3104-untitled.png
3105,,poster/3105-untitled.png
3106,,poster/3106-untitled.png
3107,"Tumble drying, maximum 60 Celsius",poster/3107-tumble-drying-maximum-60-celsius.png
3108,"Tumble drying, maximum 80 Celsius",poster/3108-tumble-drying-maximum-80-celsius.png
3109,Do not tumble dry,poster/3109-do-not-tumble-dry.png
3110,"Ironing, maximum 110 Celsius",poster/3110-ironing-maximum-110-celsius.png
3111,"Ironing, maximum 150 Celsius",poster/3111-ironing-maximum-150-celsius.png
3112,"Ironing, maximum 200 Celsius",poster/3112-ironing-maximum-200-celsius.png
3113,Do not iron,poster/3113-do-not-iron.png
3114,Do not dry clean,poster/3114-do-not-dry-clean.png
3115,Normal dry cleaning using hydrocarbones,poster/3115-normal-dry-cleaning-using-hydrocarbones.png
3116,Mild dry cleaning using hydrocarbones,poster/3116-mild-dry-cleaning-using-hydrocarbones.png
3117,Normal dry cleaning using solvents,poster/3117-normal-dry-cleaning-using-solvents.png
3118,Mild dry cleaning using solvents,poster/3118-mild-dry-cleaning-using-solvents.png
3119,Normal professional wet cleaning,poster/3119-normal-professional-wet-cleaning.png
3120,Mild professional wet cleaning,poster/3120-mild-professional-wet-cleaning.png
3121,Very mild professional wet cleaning,poster/3121-very-mild-professional-wet-cleaning.png
3122,Do not professional wet clean,poster/3122-do-not-professional-wet-clean.png
3123,Do not wash,poster/3123-do-not-wash.png
3124,Do not bleach,poster/3124-do-not-bleach.png
3125,Wash by hand,poster/3125-wash-by-hand.png
3126,Protection against agricultural pesticides,poster/3126-protection-against-agricultural-pesticides.png
3127,Automatic idle start/stop,poster/3127-automatic-idle-start-stop.png
3128,Lane keeping assistance system,poster/3128-lane-keeping-assistance-system.png
3129,Propulsion battery temperature,poster/3129-propulsion-battery-temperature.png
3130,Total area worked,poster/3130-total-area-worked.png
3131,"Tractor, ground speed, automatic control",poster/3131-tractor-ground-speed-automatic-control.png
3132,"Tractor, target ground speed",poster/3132-tractor-target-ground-speed.png
3133,"Tractor, wheel slip, automatic operation",poster/3133-tractor-wheel-slip-automatic-operation.png
3134,"Tractor, suspension system",poster/3134-tractor-suspension-system.png
3135,"Tractor, suspension system, front",poster/3135-tractor-suspension-system-front.png
3136,"Tractor, suspension system, rear",poster/3136-tractor-suspension-system-rear.png
3137,"Tractor, ride control system",poster/3137-tractor-ride-control-system.png
3138,"Header, float pressure",poster/3138-header-float-pressure.png
3139,"Header, tilt forward; crop divider, tilt forward",poster/3139-header-tilt-forward-crop-divider-tilt-forward.png
3140,"Header, tilt rearward; crop divider, tilt rearward",poster/3140-header-tilt-rearward-crop-divider-tilt-rearward.png
3141,Header width,poster/3141-header-width.png
3142,"Reel, direction of rotation, forward",poster/3142-reel-direction-of-rotation-forward.png
3143,"Reel, direction of rotation, reverse",poster/3143-reel-direction-of-rotation-reverse.png
3144,Crop yield,poster/3144-crop-yield.png
3145,"Header wings, fold up",poster/3145-header-wings-fold-up.png
3146,Header backshaft,poster/3146-header-backshaft.png
3147,Spreader,poster/3147-spreader.png
3148,"Cotton harvester, powered rear wheels",poster/3148-cotton-harvester-powered-rear-wheels.png
3149,"Cotton harvester, ready to harvest",poster/3149-cotton-harvester-ready-to-harvest.png
3150,"Cotton picking unit, reverse",poster/3150-cotton-picking-unit-reverse.png
3151,"Cotton basket, full",poster/3151-cotton-basket-full.png
3152,Cotton basket vane,poster/3152-cotton-basket-vane.png
3153,"Cotton basket vane, rotate left",poster/3153-cotton-basket-vane-rotate-left.png
3154,"Cotton basket vane, rotate right",poster/3154-cotton-basket-vane-rotate-right.png
3155,Blower vacuum,poster/3155-blower-vacuum.png
3156,"Sugar cane harvester, topper, up and down",poster/3156-sugar-cane-harvester-topper-up-and-down.png
3157,"Sugar cane harvester, topper, discharge direction, left",poster/3157-sugar-cane-harvester-topper-discharge-direction-left.png
3158,"Sugar cane harvester, topper, discharge direction, right",poster/3158-sugar-cane-harvester-topper-discharge-direction-right.png
3159,"Sugar cane harvester, cane knife",poster/3159-sugar-cane-harvester-cane-knife.png
3160,"Sugar cane harvester, harvesting function",poster/3160-sugar-cane-harvester-harvesting-function.png
3162,"Sugar cane harvester, harvester function, reverse direction",poster/3162-sugar-cane-harvester-harvester-function-reverse-direction.png
3163,"Sugar cane harvester, elevator or elevator drive",poster/3163-sugar-cane-harvester-elevator-or-elevator-drive.png
3164,"Sugar cane harvester, elevator or elevator drive, reverse",poster/3164-sugar-cane-harvester-elevator-or-elevator-drive-reverse.png
3165,"Sugar cane harvester, elevator bin flap",poster/3165-sugar-cane-harvester-elevator-bin-flap.png
3166,"Sugar cane harvester, elevator bin flap, in and out",poster/3166-sugar-cane-harvester-elevator-bin-flap-in-and-out.png
3167,"Sugar cane harvester, elevator, raise",poster/3167-sugar-cane-harvester-elevator-raise.png
3168,"Sugar cane harvester, elevator, swing left",poster/3168-sugar-cane-harvester-elevator-swing-left.png
3169,"Sugar cane harvester, elevator, swing right",poster/3169-sugar-cane-harvester-elevator-swing-right.png
3170,"Sugar cane harvester, hood, rotate clockwise",poster/3170-sugar-cane-harvester-hood-rotate-clockwise.png
3171,"Sugar cane harvester, hood, rotate anti- clockwise",poster/3171-sugar-cane-harvester-hood-rotate-anti-clockwise.png
3172,"Sugar cane loader, pusher-piler",poster/3172-sugar-cane-loader-pusher-piler.png
3173,Sugar cane loading equipment,poster/3173-sugar-cane-loading-equipment.png
3174,"Sugar cane loader, boom, raise",poster/3174-sugar-cane-loader-boom-raise.png
3175,"Spray solution tank, agitator",poster/3175-spray-solution-tank-agitator.png
3176,"Spray solution tank, aerator",poster/3176-spray-solution-tank-aerator.png
3177,Spray nozzle pressure,poster/3177-spray-nozzle-pressure.png
3178,Hours sprayed,poster/3178-hours-sprayed.png
3179,Round bale,poster/3179-round-bale.png
3180,Bale netting,poster/3180-bale-netting.png
3181,Bale twine spacing,poster/3181-bale-twine-spacing.png
3182,"Bale end wraps, number",poster/3182-bale-end-wraps-number.png
3183,"Bale, left end wraps, number",poster/3183-bale-left-end-wraps-number.png
3184,"Bale, right end wraps, number",poster/3184-bale-right-end-wraps-number.png
3185,"Bale wrap location, start position",poster/3185-bale-wrap-location-start-position.png
3186,"Bale, longitudinal rotation",poster/3186-bale-longitudinal-rotation.png
3187,Foam marker,poster/3187-foam-marker.png
3188,"Application rate per area, general",poster/3188-application-rate-per-area-general.png
3189,"Rockshaft, lower limit",poster/3189-rockshaft-lower-limit.png
3190,"Rockshaft, depth control, maximum depth",poster/3190-rockshaft-depth-control-maximum-depth.png
3191,"Rockshaft, depth control, minimum depth",poster/3191-rockshaft-depth-control-minimum-depth.png
3192,Joystick control mode,poster/3192-joystick-control-mode.png
3193,Latitude and longitude,poster/3193-latitude-and-longitude.png
3194,"Power take-off (PTO), rotational speed",poster/3194-power-take-off-pto-rotational-speed.png
3195,"Power take-off (PTO), load (torque)",poster/3195-power-take-off-pto-load-torque.png
3196,"Header, tilt forward or rearward; crop divider, tilt forward or rearward",poster/3196-header-tilt-forward-or-rearward-crop-divider-tilt-forward-or.png
3197,Acoustic vehicle alerting system (AVAS),poster/3197-acoustic-vehicle-alerting-system-avas.png
3198,"Passenger seat, equipped with CPOD system",poster/3198-passenger-seat-equipped-with-cpod-system.png
3199,Header; header drive (with reel),poster/3199-header-header-drive-with-reel.png
3200,"Cleaning fan, speed",poster/3200-cleaning-fan-speed.png
3201,"Header backshaft, speed",poster/3201-header-backshaft-speed.png
3202,"Threshing cylinder, speed",poster/3202-threshing-cylinder-speed.png
3203,"Engine cooling fan, failure or malfunction",poster/3203-engine-cooling-fan-failure-or-malfunction.png
3204,Clutch temperature,poster/3204-clutch-temperature.png
3205,"Hydraulic system, lock",poster/3205-hydraulic-system-lock.png
3206,"Hydraulic system, unlock",poster/3206-hydraulic-system-unlock.png
3207,"Hydraulic cylinder, extend and retract",poster/3207-hydraulic-cylinder-extend-and-retract.png
3208,"Cotton harvester, powered rear wheels, automatic operation",poster/3208-cotton-harvester-powered-rear-wheels-automatic-operation.png
3209,"Cotton picking unit, off",poster/3209-cotton-picking-unit-off.png
3210,"Cotton picking unit, raise or lower to preset height",poster/3210-cotton-picking-unit-raise-or-lower-to-preset-height.png
3211,Cotton basket conveyor,poster/3211-cotton-basket-conveyor.png
3212,Trash chute,poster/3212-trash-chute.png
3213,Sugar cane harvester (side view of machine),poster/3213-sugar-cane-harvester-side-view-of-machine.png
3214,Sugar cane harvester (overhead view of machine),poster/3214-sugar-cane-harvester-overhead-view-of-machine.png
3215,"Sugar cane harvester, basecutter",poster/3215-sugar-cane-harvester-basecutter.png
3216,"Sugar cane harvester, basecutter, height adjustment",poster/3216-sugar-cane-harvester-basecutter-height-adjustment.png
3217,"Sugar cane harvester, topper",poster/3217-sugar-cane-harvester-topper.png
3218,"Sugar cane harvester, topper, height adjustment",poster/3218-sugar-cane-harvester-topper-height-adjustment.png
3219,"Sugar cane harvester, elevator, lower",poster/3219-sugar-cane-harvester-elevator-lower.png
3220,Self-propelled windrower (side view of machine),poster/3220-self-propelled-windrower-side-view-of-machine.png
3221,"Self-propelled windrower, forward direction of movement (side view of machine)",poster/3221-self-propelled-windrower-forward-direction-of-movement-side-.png
3222,"Self-propelled windrower, rearward direction of movement (side view of machine)",poster/3222-self-propelled-windrower-rearward-direction-of-movement-side.png
3223,Self-propelled sprayer (overhead view of machine),poster/3223-self-propelled-sprayer-overhead-view-of-machine.png
3224,"Self-propelled sprayer, forward direction of movement (overhead view of machine)",poster/3224-self-propelled-sprayer-forward-direction-of-movement-overhea.png
3225,"Self-propelled sprayer, rearward direction of movement (overhead view of machine)",poster/3225-self-propelled-sprayer-rearward-direction-of-movement-overhe.png
3226,"Sprayer, left boom",poster/3226-sprayer-left-boom.png
3227,"Sprayer, fold left arm, in and out",poster/3227-sprayer-fold-left-arm-in-and-out.png
3228,"Spray solution tank, level high (full)",poster/3228-spray-solution-tank-level-high-full.png
3229,"Spray solution tank, level low (empty)",poster/3229-spray-solution-tank-level-low-empty.png
3230,"Spray solution tank, full refill setting",poster/3230-spray-solution-tank-full-refill-setting.png
3231,"Sprayer, left boom light",poster/3231-sprayer-left-boom-light.png
3232,"Spray solution tank, rinse",poster/3232-spray-solution-tank-rinse.png
3233,"Round baler, side view",poster/3233-round-baler-side-view.png
3234,"Round baler tailgate, open",poster/3234-round-baler-tailgate-open.png
3235,"Round baler tailgate, close",poster/3235-round-baler-tailgate-close.png
3236,Bale mass,poster/3236-bale-mass.png
3237,Bale twining,poster/3237-bale-twining.png
3238,"Bale wrap location, end position",poster/3238-bale-wrap-location-end-position.png
3239,"Bale, re-extension",poster/3239-bale-re-extension.png
3240,Non-calibrated bale diameter,poster/3240-non-calibrated-bale-diameter.png
3241,Granular fertilizer bin,poster/3241-granular-fertilizer-bin.png
3242,"Track carriage, retract",poster/3242-track-carriage-retract.png
3243,Secondary steering system,poster/3243-secondary-steering-system.png
3244,Area remaining to work,poster/3244-area-remaining-to-work.png
3245,"Reel, resume position",poster/3245-reel-resume-position.png
3246,Draper,poster/3246-draper.png
3247,Draper speed,poster/3247-draper-speed.png
3248,"Off-center draper, speed",poster/3248-off-center-draper-speed.png
3249,Off-center draper,poster/3249-off-center-draper.png
3250,Primary cleaning (suction) fan,poster/3250-primary-cleaning-suction-fan.png
3251,"Primary cleaning fan, speed",poster/3251-primary-cleaning-fan-speed.png
3252,Secondary cleaning (suction) fan,poster/3252-secondary-cleaning-suction-fan.png
3253,"Secondary cleaning fan, speed",poster/3253-secondary-cleaning-fan-speed.png
3254,Grain damage,poster/3254-grain-damage.png
3255,Crop harvested,poster/3255-crop-harvested.png
3256,"Header wings, fold down",poster/3256-header-wings-fold-down.png
3257,Spreader speed,poster/3257-spreader-speed.png
3258,"Unloader drive, disengage",poster/3258-unloader-drive-disengage.png
3259,"Lawn and garden tractor,",poster/3259-lawn-and-garden-tractor.png
3260,Tractor blade,poster/3260-tractor-blade.png
3261,"Tractor blade, hold",poster/3261-tractor-blade-hold.png
3262,"Snow thrower, discharge",poster/3262-snow-thrower-discharge.png
3263,"Snow thrower, discharge",poster/3263-snow-thrower-discharge.png
3264,"Cotton harvester, ground",poster/3264-cotton-harvester-ground.png
3265,"Cotton harvester, target ground speed",poster/3265-cotton-harvester-target-ground-speed.png
3266,"Cotton harvester, wheel slip",poster/3266-cotton-harvester-wheel-slip.png
3267,"Cotton harvester, wheel slip, automatic operation",poster/3267-cotton-harvester-wheel-slip-automatic-operation.png
3268,"Cotton picking unit, raise and lower",poster/3268-cotton-picking-unit-raise-and-lower.png
3269,"Cotton picking unit, height adjustment",poster/3269-cotton-picking-unit-height-adjustment.png
3270,"Cotton picking unit, upper height limit",poster/3270-cotton-picking-unit-upper-height-limit.png
3271,Cleaner saw speed,poster/3271-cleaner-saw-speed.png
3272,"Cotton spindle drum, rotation",poster/3272-cotton-spindle-drum-rotation.png
3273,Tether,poster/3273-tether.png
3274,Cross auger,poster/3274-cross-auger.png
3275,"Self-propelled forage harvester, ground speed, automatic operation",poster/3275-self-propelled-forage-harvester-ground-speed-automatic-opera.png
3276,"Self-propelled forage harvester, target ground speed",poster/3276-self-propelled-forage-harvester-target-ground-speed.png
3277,"Self-propelled forage harvester, powered rear wheels",poster/3277-self-propelled-forage-harvester-powered-rear-wheels.png
3278,"Self-propelled forage harvester, powered rear wheels, automatic operation",poster/3278-self-propelled-forage-harvester-powered-rear-wheels-automati.png
3279,"Self-propelled forage harvester, wheel slip",poster/3279-self-propelled-forage-harvester-wheel-slip.png
3280,"Self-propelled forage harvester, wheel slip, automatic operation",poster/3280-self-propelled-forage-harvester-wheel-slip-automatic-operati.png
3281,Cutterhead speed,poster/3281-cutterhead-speed.png
3282,Crop cutting height,poster/3282-crop-cutting-height.png
3283,Rotary air screen,poster/3283-rotary-air-screen.png
3284,"Sugar cane harvester, basecutter, up and down",poster/3284-sugar-cane-harvester-basecutter-up-and-down.png
3285,"Sugar cane harvester, cane knife speed",poster/3285-sugar-cane-harvester-cane-knife-speed.png
3286,"Sugar cane harvester, knock down roller adjustment",poster/3286-sugar-cane-harvester-knock-down-roller-adjustment.png
3287,"Sugar cane loader, pusher- piler, raise",poster/3287-sugar-cane-loader-pusher-piler-raise.png
3288,"Sugar cane loader, pusher-piler, lower",poster/3288-sugar-cane-loader-pusher-piler-lower.png
3289,"Sugar cane loader, mast, rotate",poster/3289-sugar-cane-loader-mast-rotate.png
3290,"Sugar cane loader, mast, rotate, left",poster/3290-sugar-cane-loader-mast-rotate-left.png
3291,"Sugar cane loader, boom, lower",poster/3291-sugar-cane-loader-boom-lower.png
3292,"Sugar cane loader, arm, raise",poster/3292-sugar-cane-loader-arm-raise.png
3293,"Sugar cane loader, arm, lower",poster/3293-sugar-cane-loader-arm-lower.png
3294,"Self-propelled windrower, ground speed",poster/3294-self-propelled-windrower-ground-speed.png
3295,"Self-propelled windrower, ground speed, automatic control",poster/3295-self-propelled-windrower-ground-speed-automatic-control.png
3296,"Self-propelled windrower, target ground speed",poster/3296-self-propelled-windrower-target-ground-speed.png
3297,"Self-propelled sprayer, ground speed",poster/3297-self-propelled-sprayer-ground-speed.png
3298,"Self-propelled sprayer, ground speed, automatic operation",poster/3298-self-propelled-sprayer-ground-speed-automatic-operation.png
3299,"Self-propelled sprayer, target ground speed",poster/3299-self-propelled-sprayer-target-ground-speed.png
3300,"Spray solution tank, filling",poster/3300-spray-solution-tank-filling.png
3301,"Spray solution tank, draining",poster/3301-spray-solution-tank-draining.png
3302,"Spray solution tank, filling by onboard pump",poster/3302-spray-solution-tank-filling-by-onboard-pump.png
3303,"Spray solution tank, filling by nurse pump",poster/3303-spray-solution-tank-filling-by-nurse-pump.png
3304,Eductor,poster/3304-eductor.png
3305,Unlock,poster/3305-unlock.png
3306,"Joystick control, lock",poster/3306-joystick-control-lock.png
3307,"Joystick control, off or not available",poster/3307-joystick-control-off-or-not-available.png
3308,Stop operation,poster/3308-stop-operation.png
3309,Fire extinguisher,poster/3309-fire-extinguisher.png
3310,Target; target rate,poster/3310-target-target-rate.png
3311,Target rate per area,poster/3311-target-rate-per-area.png
3312,Target rate per hour,poster/3312-target-rate-per-hour.png
3313,Night visibility conditions; night mode,poster/3313-night-visibility-conditions-night-mode.png
3314,Highlight colour,poster/3314-highlight-colour.png
3315,Home position; home phone,poster/3315-home-position-home-phone.png
3316,Resume operation using previous operating parameters,poster/3316-resume-operation-using-previous-operating-parameters.png
3317,"Accumulator pressure; accumulator, pressurized",poster/3317-accumulator-pressure-accumulator-pressurized.png
3318,"Progress toward completion, general",poster/3318-progress-toward-completion-general.png
3319,"Progress toward completion, 25% complete",poster/3319-progress-toward-completion-25-complete.png
3320,"Progress toward completion, 50% complete",poster/3320-progress-toward-completion-50-complete.png
3321,"Progress toward completion, 75% complete",poster/3321-progress-toward-completion-75-complete.png
3322,"Progress toward completion, 100% complete",poster/3322-progress-toward-completion-100-complete.png
3323,Ecological operation mode,poster/3323-ecological-operation-mode.png
3324,Heel boom log loader equipment,poster/3324-heel-boom-log-loader-equipment.png
3325,"Heel boom log loader, heel boom, in",poster/3325-heel-boom-log-loader-heel-boom-in.png
3326,"Engine, pre-start lubrication",poster/3326-engine-pre-start-lubrication.png
3327,Engine system temperature,poster/3327-engine-system-temperature.png
3328,"Engine cooling fan, reverse rotation",poster/3328-engine-cooling-fan-reverse-rotation.png
3329,Engine power,poster/3329-engine-power.png
3330,"Engine, per cent of rated power",poster/3330-engine-per-cent-of-rated-power.png
3331,"Engine, performance derate",poster/3331-engine-performance-derate.png
3332,Differential gear oil temperature,poster/3332-differential-gear-oil-temperature.png
3333,"Hydraulic oil, unrestricted flow to sump",poster/3333-hydraulic-oil-unrestricted-flow-to-sump.png
3334,Auxiliary hydraulic system,poster/3334-auxiliary-hydraulic-system.png
3335,Auxiliary hydraulic cylinder,poster/3335-auxiliary-hydraulic-cylinder.png
3336,SCV (selective control valve) - Number 1,poster/3336-scv-selective-control-valve-number-1.png
3337,"Excavator attachment, hydraulic hammer (breaker)",poster/3337-excavator-attachment-hydraulic-hammer-breaker.png
3338,"Excavator attachment, hydraulic scissors (crusher)",poster/3338-excavator-attachment-hydraulic-scissors-crusher.png
3339,"Sugar cane harvester, ground speed",poster/3339-sugar-cane-harvester-ground-speed.png
3340,"Loader, loading system failure (malfunction)",poster/3340-loader-loading-system-failure-malfunction.png
3341,"Dumper body, system failure (malfunction)",poster/3341-dumper-body-system-failure-malfunction.png
3342,"Round baler ramp, down",poster/3342-round-baler-ramp-down.png
3343,"Round baler ramp, up",poster/3343-round-baler-ramp-up.png
3344,"Bale, eject",poster/3344-bale-eject.png
3345,Bale diameter,poster/3345-bale-diameter.png
3346,Variable core bale,poster/3346-variable-core-bale.png
3347,"Variable core bale, diameter",poster/3347-variable-core-bale-diameter.png
3348,Bale wrap,poster/3348-bale-wrap.png
3349,"Twining/netting, extend",poster/3349-twining-netting-extend.png
3350,"Twining/netting, retract",poster/3350-twining-netting-retract.png
3351,Twine wrap,poster/3351-twine-wrap.png
3352,Netting wrap,poster/3352-netting-wrap.png
3353,Bale information management system,poster/3353-bale-information-management-system.png
3354,"Bale, full size",poster/3354-bale-full-size.png
3355,"Bale, undersize",poster/3355-bale-undersize.png
3356,"Bale, oversize",poster/3356-bale-oversize.png
3357,Air flow; air flow velocity,poster/3357-air-flow-air-flow-velocity.png
3358,Front seed bin,poster/3358-front-seed-bin.png
3359,Brake fluid drain,poster/3359-brake-fluid-drain.png
3360,Park brake release,poster/3360-park-brake-release.png
3361,Park brake failure,poster/3361-park-brake-failure.png
3362,Fuel consumption per area worked,poster/3362-fuel-consumption-per-area-worked.png
3363,Area worked per quantity of fuel consumed,poster/3363-area-worked-per-quantity-of-fuel-consumed.png
3364,Fuel cooler,poster/3364-fuel-cooler.png
3365,Side (lateral) window wiper,poster/3365-side-lateral-window-wiper.png
3366,"Exterior rear view mirror, horizontal type",poster/3366-exterior-rear-view-mirror-horizontal-type.png
3367,"Automatic temperature control, heating and cooling",poster/3367-automatic-temperature-control-heating-and-cooling.png
3368,"Operator cabin, general",poster/3368-operator-cabin-general.png
3370,"Ambient air temperature, inside operator cabin",poster/3370-ambient-air-temperature-inside-operator-cabin.png
3371,Axle oil,poster/3371-axle-oil.png
3372,Axle oil pressure,poster/3372-axle-oil-pressure.png
3373,Axle oil filter,poster/3373-axle-oil-filter.png
3374,Axle width,poster/3374-axle-width.png
3375,"Axle, unlock",poster/3375-axle-unlock.png
3376,"Axle, first axle, lock",poster/3376-axle-first-axle-lock.png
3377,"Axle, first axle, unlock",poster/3377-axle-first-axle-unlock.png
3378,"Suspended axle, height adjustment (raise and lower)",poster/3378-suspended-axle-height-adjustment-raise-and-lower.png
3379,"Suspended axle, raise",poster/3379-suspended-axle-raise.png
3380,"Suspended axle, lower",poster/3380-suspended-axle-lower.png
3381,"Suspended axle, lock",poster/3381-suspended-axle-lock.png
3382,"Suspended axle, unlock",poster/3382-suspended-axle-unlock.png
3383,"Suspended axle, automatic operating mode",poster/3383-suspended-axle-automatic-operating-mode.png
3384,"Suspended axle, first axle",poster/3384-suspended-axle-first-axle.png
3385,"Suspended axle, first axle, lock",poster/3385-suspended-axle-first-axle-lock.png
3386,"Suspended axle, first axle, unlock",poster/3386-suspended-axle-first-axle-unlock.png
3387,"Track carriage, extend",poster/3387-track-carriage-extend.png
3388,Steering system pressure,poster/3388-steering-system-pressure.png
3389,"Combine harvester, ground speed, automatic control",poster/3389-combine-harvester-ground-speed-automatic-control.png
3390,"Combine harvester, target ground speed",poster/3390-combine-harvester-target-ground-speed.png
3391,"Combine harvester, powered rear wheels, automatic operation",poster/3391-combine-harvester-powered-rear-wheels-automatic-operation.png
3392,"Combine harvester, wheel slip",poster/3392-combine-harvester-wheel-slip.png
3393,"Combine harvester, wheel slip, automatic operation",poster/3393-combine-harvester-wheel-slip-automatic-operation.png
3394,"Combine harvester, ready to harvest",poster/3394-combine-harvester-ready-to-harvest.png
3395,"Clock, malfunction; timer, malfunction",poster/3395-clock-malfunction-timer-malfunction.png
3396,"Grease lubrication system, automatic operation mode",poster/3396-grease-lubrication-system-automatic-operation-mode.png
3397,"Temperature, high",poster/3397-temperature-high.png
3398,"Temperature, low",poster/3398-temperature-low.png
3399,"Advanced settings, general",poster/3399-advanced-settings-general.png
3400,"Electrical system, malfunction",poster/3400-electrical-system-malfunction.png
3401,"Resume operation using previous operating parameters, automatic",poster/3401-resume-operation-using-previous-operating-parameters-automat.png
3402,Number of automatic cycles,poster/3402-number-of-automatic-cycles.png
3403,Redo,poster/3403-redo.png
3404,Engine oil filter pressure,poster/3404-engine-oil-filter-pressure.png
3405,Engine oil drain,poster/3405-engine-oil-drain.png
3406,Engine coolant drain,poster/3406-engine-coolant-drain.png
3407,Engine intake (combustion) air filter pressure,poster/3407-engine-intake-combustion-air-filter-pressure.png
3408,Crankcase air/ventilation filter,poster/3408-crankcase-air-ventilation-filter.png
3409,"Engine rotational speed, automatic control",poster/3409-engine-rotational-speed-automatic-control.png
3410,"Engine rotational speed, first set speed",poster/3410-engine-rotational-speed-first-set-speed.png
3411,"Engine rotational speed, second set speed",poster/3411-engine-rotational-speed-second-set-speed.png
3412,"Engine rotational speed, increase/decrease",poster/3412-engine-rotational-speed-increase-decrease.png
3413,"Engine rotational speed, instantaneous increase",poster/3413-engine-rotational-speed-instantaneous-increase.png
3414,"Engine rotational speed, automatic increase",poster/3414-engine-rotational-speed-automatic-increase.png
3415,"Engine rotational speed, maximum",poster/3415-engine-rotational-speed-maximum.png
3416,"Engine rotational speed, instantaneous decrease, off or not available",poster/3416-engine-rotational-speed-instantaneous-decrease-off-or-not-av.png
3417,Engine electronic control unit (ECU),poster/3417-engine-electronic-control-unit-ecu.png
3418,"Engine, diagnostic port",poster/3418-engine-diagnostic-port.png
3419,"Sugar cane harvester, forward direction of movement (side view of machine)",poster/3419-sugar-cane-harvester-forward-direction-of-movement-side-view.png
3420,"Sugar cane harvester, rearward direction of movement (side view of machine)",poster/3420-sugar-cane-harvester-rearward-direction-of-movement-side-vie.png
3421,"Sugar cane harvester, forward direction of movement (overhead view of machine)",poster/3421-sugar-cane-harvester-forward-direction-of-movement-overhead-.png
3422,"Sugar cane harvester, rearward direction of movement (overhead view of machine)",poster/3422-sugar-cane-harvester-rearward-direction-of-movement-overhead.png
3423,"Sugar cane harvester, ground speed, fast setting",poster/3423-sugar-cane-harvester-ground-speed-fast-setting.png
3424,"Sugar cane harvester, ground speed, slow setting",poster/3424-sugar-cane-harvester-ground-speed-slow-setting.png
3425,"Sugar cane harvester, work lights",poster/3425-sugar-cane-harvester-work-lights.png
3426,"Sugar cane harvester, basecutter, height adjustment, automatic",poster/3426-sugar-cane-harvester-basecutter-height-adjustment-automatic.png
3427,"Sugar cane harvester, basecutter, target height",poster/3427-sugar-cane-harvester-basecutter-target-height.png
3428,"Sugar cane harvester, topper, height adjustment, automatic",poster/3428-sugar-cane-harvester-topper-height-adjustment-automatic.png
3429,"Sugar cane harvester, topper, target height",poster/3429-sugar-cane-harvester-topper-target-height.png
3430,"Grass-cutting equipment, cylinder drive",poster/3430-grass-cutting-equipment-cylinder-drive.png
3431,Rotary line trimmer,poster/3431-rotary-line-trimmer.png
3432,"Power take-off (PTO), clockwise rotational speed",poster/3432-power-take-off-pto-clockwise-rotational-speed.png
3433,"Power take-off (PTO), anti-clockwise rotational speed",poster/3433-power-take-off-pto-anti-clockwise-rotational-speed.png
3434,"Power take-off (PTO), failure or malfunction",poster/3434-power-take-off-pto-failure-or-malfunction.png
3435,Row spacing,poster/3435-row-spacing.png
3436,Manual transmission mode,poster/3436-manual-transmission-mode.png
3437,Automatic transmission mode,poster/3437-automatic-transmission-mode.png
3438,Transmission breather filter,poster/3438-transmission-breather-filter.png
3439,"Transmission, skip shift up",poster/3439-transmission-skip-shift-up.png
3440,"Transmission, skip shift down",poster/3440-transmission-skip-shift-down.png
3441,"Transmission, lock",poster/3441-transmission-lock.png
3442,Transmission electronic control unit (ECU),poster/3442-transmission-electronic-control-unit-ecu.png
3443,Differential gear oil,poster/3443-differential-gear-oil.png
3444,"Hydraulic system, breather filter",poster/3444-hydraulic-system-breather-filter.png
3445,"Hydraulic system, off or not available",poster/3445-hydraulic-system-off-or-not-available.png
3446,"Auxiliary hydraulic cylinder, extend (open)",poster/3446-auxiliary-hydraulic-cylinder-extend-open.png
3447,"Auxiliary hydraulic cylinder, retract (close)",poster/3447-auxiliary-hydraulic-cylinder-retract-close.png
3448,"Auxiliary hydraulic cylinder, float",poster/3448-auxiliary-hydraulic-cylinder-float.png
3449,"Hydraulic cylinder, fast extension",poster/3449-hydraulic-cylinder-fast-extension.png
3450,Fuel drain,poster/3450-fuel-drain.png
3451,Diesel fuel drain,poster/3451-diesel-fuel-drain.png
3452,Water in fuel,poster/3452-water-in-fuel.png
3453,"Fuel system, water drain",poster/3453-fuel-system-water-drain.png
3454,Fuel consumption per hour,poster/3454-fuel-consumption-per-hour.png
3455,Nighttime instrument illumination,poster/3455-nighttime-instrument-illumination.png
3456,"Ventilation air flow, upper, lower, and defrost",poster/3456-ventilation-air-flow-upper-lower-and-defrost.png
3457,"Operator cabin, outside air flow",poster/3457-operator-cabin-outside-air-flow.png
3458,"Operator cabin, recirculating air flow",poster/3458-operator-cabin-recirculating-air-flow.png
3459,Seat swing,poster/3459-seat-swing.png
3460,"Log clamp, float",poster/3460-log-clamp-float.png
3461,"Log clamp, tilt rearward",poster/3461-log-clamp-tilt-rearward.png
3462,"Heel boom log loader, main boom, raise",poster/3462-heel-boom-log-loader-main-boom-raise.png
3463,"All-tread, move out",poster/3463-all-tread-move-out.png
3464,"All-tread, move in",poster/3464-all-tread-move-in.png
3465,,poster/3465-untitled.png
3473,Skid steer loader (side view),poster/3473-skid-steer-loader-side-view.png
3474,Skid steer loader (overhead view),poster/3474-skid-steer-loader-overhead-view.png
3475,"Dumper body, tip up and return",poster/3475-dumper-body-tip-up-and-return.png
3476,"Excavator/backhoe, offset boom",poster/3476-excavator-backhoe-offset-boom.png
3477,Lawn and garden tractor (side view of machine),poster/3477-lawn-and-garden-tractor-side-view-of-machine.png
3478,Lawn and garden tractor (overhead view of machine),poster/3478-lawn-and-garden-tractor-overhead-view-of-machine.png
3479,"Lawn and garden tractor, forward movement (side view of machine)",poster/3479-lawn-and-garden-tractor-forward-movement-side-view-of-machin.png
3480,"Lawn and garden tractor, rearward movement (side view of machine)",poster/3480-lawn-and-garden-tractor-rearward-movement-side-view-of-machi.png
3481,"Lawn and garden tractor, forward movement (overhead view of machine)",poster/3481-lawn-and-garden-tractor-forward-movement-overhead-view-of-ma.png
3482,"Lawn and garden tractor, rearward movement (overhead view of machine)",poster/3482-lawn-and-garden-tractor-rearward-movement-overhead-view-of-m.png
3483,"Lawn and garden tractor, ground speed",poster/3483-lawn-and-garden-tractor-ground-speed.png
3484,"Lawn and garden tractor, ground speed, automatic operation mode",poster/3484-lawn-and-garden-tractor-ground-speed-automatic-operation-mod.png
3485,"Lawn and garden tractor, front wheel drive, automatic operation mode",poster/3485-lawn-and-garden-tractor-front-wheel-drive-automatic-operatio.png
3486,"Tractor blade, raise",poster/3486-tractor-blade-raise.png
3487,"Tractor blade, lower",poster/3487-tractor-blade-lower.png
3488,"Tractor blade, float",poster/3488-tractor-blade-float.png
3489,Riding lawn mower (overhead view of machine),poster/3489-riding-lawn-mower-overhead-view-of-machine.png
3490,"Riding lawn mower, forward movement (overhead view of machine)",poster/3490-riding-lawn-mower-forward-movement-overhead-view-of-machine.png
3491,"Riding lawn mower, rearward movement (overhead view of machine)",poster/3491-riding-lawn-mower-rearward-movement-overhead-view-of-machine.png
3492,Mower deck,poster/3492-mower-deck.png
3493,"Mower deck, raise",poster/3493-mower-deck-raise.png
3494,"Mower deck, lower",poster/3494-mower-deck-lower.png
3495,"Grass-cutting equipment, cutting element, height adjustment, high cut",poster/3495-grass-cutting-equipment-cutting-element-height-adjustment-hi.png
3496,"Grass-cutting equipment, cutting element, height adjustment, low cut",poster/3496-grass-cutting-equipment-cutting-element-height-adjustment-lo.png
3497,"Grass-cutting equipment, cylinder drive, engage",poster/3497-grass-cutting-equipment-cylinder-drive-engage.png
3498,"Grass-cutting equipment, cylinder drive, disengage",poster/3498-grass-cutting-equipment-cylinder-drive-disengage.png
3499,"Grass-cutting equipment, cylinder drive, reverse",poster/3499-grass-cutting-equipment-cylinder-drive-reverse.png
3500,Electronic instructions for use,poster/3500-electronic-instructions-for-use.png
3501,"Log clamp, raise",poster/3501-log-clamp-raise.png
3502,"Log clamp, lower",poster/3502-log-clamp-lower.png
3503,"Log clamp, tilt forward",poster/3503-log-clamp-tilt-forward.png
3504,"Log loader, grapple, move in",poster/3504-log-loader-grapple-move-in.png
3505,"Log loader, grapple, move out",poster/3505-log-loader-grapple-move-out.png
3506,"Heel boom log loader, main boom, lower",poster/3506-heel-boom-log-loader-main-boom-lower.png
3507,"Heel boom log loader, secondary boom, out",poster/3507-heel-boom-log-loader-secondary-boom-out.png
3508,"Heel boom log loader, secondary boom, in",poster/3508-heel-boom-log-loader-secondary-boom-in.png
3509,Winch oil,poster/3509-winch-oil.png
3510,Winch oil pressure,poster/3510-winch-oil-pressure.png
3511,Bogie,poster/3511-bogie.png
3512,"Bogie, front axle, raise (lift)",poster/3512-bogie-front-axle-raise-lift.png
3513,"Bogie, front axle, lower",poster/3513-bogie-front-axle-lower.png
3514,"Bogie, rear axle, raise (lift)",poster/3514-bogie-rear-axle-raise-lift.png
3515,"Bogie, rear axle, lower",poster/3515-bogie-rear-axle-lower.png
3516,"Heel boom log loader, heel boom, out",poster/3516-heel-boom-log-loader-heel-boom-out.png
3517,"Forward or rearward movement, general",poster/3517-forward-or-rearward-movement-general.png
3518,Check system; update system,poster/3518-check-system-update-system.png
3519,"Display mode, rotate through displays",poster/3519-display-mode-rotate-through-displays.png
3520,Dozer (overhead-view),poster/3520-dozer-overhead-view.png
3521,"Dozer, forward movement (overhead view)",poster/3521-dozer-forward-movement-overhead-view.png
3522,"Dozer, rearward movement (overhead view)",poster/3522-dozer-rearward-movement-overhead-view.png
3523,Grader (side view of machine),poster/3523-grader-side-view-of-machine.png
3524,"Grader, forward movement (side view)",poster/3524-grader-forward-movement-side-view.png
3525,"Grader, rearward movement (side view)",poster/3525-grader-rearward-movement-side-view.png
3526,"Articulated grader, return-to- straight",poster/3526-articulated-grader-return-to-straight.png
3527,"Scraper, draft setting; average draft",poster/3527-scraper-draft-setting-average-draft.png
3528,"Scraper, initial draft setting, first scraper",poster/3528-scraper-initial-draft-setting-first-scraper.png
3529,Excavator (side view of machine),poster/3529-excavator-side-view-of-machine.png
3530,"Excavator, forward movement (side view)",poster/3530-excavator-forward-movement-side-view.png
3531,"cavator, rearward movement (side view)",poster/3531-cavator-rearward-movement-side-view.png
3532,"Excavator/backhoe, quick coupler (attachment bracket), lock",poster/3532-excavator-backhoe-quick-coupler-attachment-bracket-lock.png
3533,"Excavator/backhoe, quick coupler (attachment bracket), unlock",poster/3533-excavator-backhoe-quick-coupler-attachment-bracket-unlock.png
3534,"Excavator/backhoe, adjustable boom, raise",poster/3534-excavator-backhoe-adjustable-boom-raise.png
3535,"Excavator/backhoe, adjustable boom, lower",poster/3535-excavator-backhoe-adjustable-boom-lower.png
3536,"Loader bucket, quick raise",poster/3536-loader-bucket-quick-raise.png
3537,"Loader bucket, quick dump",poster/3537-loader-bucket-quick-dump.png
3538,"Loader bucket, rollback, automatic mode",poster/3538-loader-bucket-rollback-automatic-mode.png
3539,"Loader bucket, return-to- carry",poster/3539-loader-bucket-return-to-carry.png
3540,"Loader bucket, return-to- dig",poster/3540-loader-bucket-return-to-dig.png
3541,"Loader bucket, quick coupler (attachment bracket), lock",poster/3541-loader-bucket-quick-coupler-attachment-bracket-lock.png
3542,"Loader bucket, quick coupler (attachment bracket), unlock",poster/3542-loader-bucket-quick-coupler-attachment-bracket-unlock.png
3543,"Skid steer loader, forward movement (side view)",poster/3543-skid-steer-loader-forward-movement-side-view.png
3544,Skid steer loader; rearward movement (side view),poster/3544-skid-steer-loader-rearward-movement-side-view.png
3545,"Skid steer loader, forward movement (overhead view)",poster/3545-skid-steer-loader-forward-movement-overhead-view.png
3546,"kid steer loader, rearward movement (overhead view)",poster/3546-kid-steer-loader-rearward-movement-overhead-view.png
3547,Dumper (side view of machine),poster/3547-dumper-side-view-of-machine.png
3548,"Dumper, forward movement (side view)",poster/3548-dumper-forward-movement-side-view.png
3549,"Dumper, rearward movement (side view)",poster/3549-dumper-rearward-movement-side-view.png
3550,"Dumper, ground speed",poster/3550-dumper-ground-speed.png
3551,"Dumper, downhill (descent) speed control",poster/3551-dumper-downhill-descent-speed-control.png
3552,"Outrigger, extend left and right beams and left and right jacks; extend all outriggers (stabilizers)",poster/3552-outrigger-extend-left-and-right-beams-and-left-and-right-jac.png
3553,Horizontal directional drilling machine (side view),poster/3553-horizontal-directional-drilling-machine-side-view.png
3554,"Horizontal directional drilling machine, feed beam, tilt up",poster/3554-horizontal-directional-drilling-machine-feed-beam-tilt-up.png
3555,"Horizontal directional drilling machine, feed beam, tilt down",poster/3555-horizontal-directional-drilling-machine-feed-beam-tilt-down.png
3556,"Horizontal directional drilling machine, feed beam, move down",poster/3556-horizontal-directional-drilling-machine-feed-beam-move-down.png
3557,"orizontal directional drilling machine, feed beam, move up",poster/3557-orizontal-directional-drilling-machine-feed-beam-move-up.png
3558,Fluid mixing tank,poster/3558-fluid-mixing-tank.png
3559,"Fluid mixing tank, inlet",poster/3559-fluid-mixing-tank-inlet.png
3560,"Fluid mixing tank, outlet",poster/3560-fluid-mixing-tank-outlet.png
3561,Earth ancor,poster/3561-earth-ancor.png
3562,"Earth anchor, in (down)",poster/3562-earth-anchor-in-down.png
3563,"Earth anchor, out (up)",poster/3563-earth-anchor-out-up.png
3564,"Earth anchor, rotate",poster/3564-earth-anchor-rotate.png
3565,"Earth anchor, rotate anti-",poster/3565-earth-anchor-rotate-anti.png
3566,"Drill pipe rack, unload/load,",poster/3566-drill-pipe-rack-unload-load.png
3567,"Drill pipe rack, unload/load,",poster/3567-drill-pipe-rack-unload-load.png
3568,"Drill pipe rack,",poster/3568-drill-pipe-rack.png
3569,"Grader, ground speed",poster/3569-grader-ground-speed.png
3570,"Horizontal directional drilling machine, carriage, retract (up)",poster/3570-horizontal-directional-drilling-machine-carriage-retract-up.png
3571,"Horizontal directional drilling machine, carriage, thrust (down)",poster/3571-horizontal-directional-drilling-machine-carriage-thrust-down.png
3572,"Horizontal directional drilling machine, drill string",poster/3572-horizontal-directional-drilling-machine-drill-string.png
3573,"Horizontal directional drilling machine, drill string, forward rotation",poster/3573-horizontal-directional-drilling-machine-drill-string-forward.png
3574,"orizontal directional drilling machine, drill string, rearward rotation",poster/3574-orizontal-directional-drilling-machine-drill-string-rearward.png
3575,"Horizontal directional drilling machine, drill string, retract",poster/3575-horizontal-directional-drilling-machine-drill-string-retract.png
3576,"orizontal directional drilling machine, drill string, thrust",poster/3576-orizontal-directional-drilling-machine-drill-string-thrust.png
3577,"Horizontal directional drilling machine, drill string, full fluid flow",poster/3577-horizontal-directional-drilling-machine-drill-string-full-fl.png
3578,"Horizontal directional drilling machine, drill string, reduced fluid flow",poster/3578-horizontal-directional-drilling-machine-drill-string-reduced.png
3579,"Fluid tank, inlet",poster/3579-fluid-tank-inlet.png
3580,"Fluid tank, outlet",poster/3580-fluid-tank-outlet.png
3581,Clamp,poster/3581-clamp.png
3582,Rotating clamp,poster/3582-rotating-clamp.png
3583,"Rotating clamp, close",poster/3583-rotating-clamp-close.png
3584,"Rotating clamp, open",poster/3584-rotating-clamp-open.png
3585,"Rotating clamp, clamp and rotate clockwise",poster/3585-rotating-clamp-clamp-and-rotate-clockwise.png
3586,"Rotating clamp, unclamp and rotate clockwise",poster/3586-rotating-clamp-unclamp-and-rotate-clockwise.png
3587,"Rotating clamp, clamp and rotate anti-clockwise",poster/3587-rotating-clamp-clamp-and-rotate-anti-clockwise.png
3588,"Rotating clamp, unclamp and rotate anti-clockwise",poster/3588-rotating-clamp-unclamp-and-rotate-anti-clockwise.png
3589,Stationary clamp,poster/3589-stationary-clamp.png
3590,"Stationary clamp, close",poster/3590-stationary-clamp-close.png
3591,"Stationary clamp, open",poster/3591-stationary-clamp-open.png
3592,"Drill pipe tool joint, connect",poster/3592-drill-pipe-tool-joint-connect.png
3593,"Tool joint, disconnect",poster/3593-tool-joint-disconnect.png
3594,"Horizontal directional drilling machine, left track, forward",poster/3594-horizontal-directional-drilling-machine-left-track-forward.png
3595,"Horizontal directional drilling machine, left track, rearward",poster/3595-horizontal-directional-drilling-machine-left-track-rearward.png
3596,"Drill pipe loader, move in",poster/3596-drill-pipe-loader-move-in.png
3597,"Drill pipe loader, move out",poster/3597-drill-pipe-loader-move-out.png
3598,Counterweight,poster/3598-counterweight.png
3599,Global positioning system (GPS),poster/3599-global-positioning-system-gps.png
3600,Wireless communications,poster/3600-wireless-communications.png
3601,"External electrical connection, enable",poster/3601-external-electrical-connection-enable.png
3602,"External electrical connection, connected",poster/3602-external-electrical-connection-connected.png
3603,"Electronic control unit (ECU), general",poster/3603-electronic-control-unit-ecu-general.png
3604,"Exterior lights, activation for inspection",poster/3604-exterior-lights-activation-for-inspection.png
5002,Positioning of cell,poster/5002-positioning-of-cell.png
5003,AC/DC-converter; rectifier; substitute power supply,poster/5003-ac-dc-converter-rectifier-substitute-power-supply.png
5004,Variability,poster/5004-variability.png
5005,Plus; positive polarity,poster/5005-plus-positive-polarity.png
5006,Minus; negative polarity,poster/5006-minus-negative-polarity.png
5007,&quot;ON&quot; (power),poster/5007-quot-on-quot-power.png
5008,&quot;OFF&quot; (power),poster/5008-quot-off-quot-power.png
5009,Stand-by,poster/5009-stand-by.png
5010,&quot;ON&quot;/&quot;OFF&quot; (push-push),poster/5010-quot-on-quot-quot-off-quot-push-push.png
5011,&quot;ON&quot;/&quot;OFF&quot; (push button),poster/5011-quot-on-quot-quot-off-quot-push-button.png
5012,Lamp; lighting; illumination,poster/5012-lamp-lighting-illumination.png
5013,Bell,poster/5013-bell.png
5014,"Horn, electrical / electromechanical",poster/5014-horn-electrical-electromechanical.png
5015,Air impeller; blower; fan,poster/5015-air-impeller-blower-fan.png
5016,Fuse,poster/5016-fuse.png
5017,Earth; ground,poster/5017-earth-ground.png
5018,Functional earthing; functional grounding (US),poster/5018-functional-earthing-functional-grounding-us.png
5019,Protective earth; protective ground,poster/5019-protective-earth-protective-ground.png
5020,Frame or chassis,poster/5020-frame-or-chassis.png
5021,Equipotentiality,poster/5021-equipotentiality.png
5022,Movement in one direction,poster/5022-movement-in-one-direction.png
5023,Movement in both directions,poster/5023-movement-in-both-directions.png
5024,Movement limited in both directions,poster/5024-movement-limited-in-both-directions.png
5025,Effect or action away from a reference point,poster/5025-effect-or-action-away-from-a-reference-point.png
5026,Effect or action towards a reference point,poster/5026-effect-or-action-towards-a-reference-point.png
5027,Effect or action in both directions away from a reference point,poster/5027-effect-or-action-in-both-directions-away-from-a-reference-po.png
5028,Effect or action in both directions towards a reference point,poster/5028-effect-or-action-in-both-directions-towards-a-reference-poin.png
5029,Non-simultaneous effect or action away from and towards a reference point,poster/5029-non-simultaneous-effect-or-action-away-from-and-towards-a-re.png
5030,Simultaneous effect or action away from and towards a reference point,poster/5030-simultaneous-effect-or-action-away-from-and-towards-a-refere.png
5031,Direct current,poster/5031-direct-current.png
5032,Alternating current,poster/5032-alternating-current.png
5033,Both direct and alternating current,poster/5033-both-direct-and-alternating-current.png
5034,Input,poster/5034-input.png
5035,Output,poster/5035-output.png
5036,Dangerous voltage,poster/5036-dangerous-voltage.png
5037,Treble control,poster/5037-treble-control.png
5038,Bass control,poster/5038-bass-control.png
5039,Aerial; antenna,poster/5039-aerial-antenna.png
5040,Dipole,poster/5040-dipole.png
5041,"Caution, hot surface",poster/5041-caution-hot-surface.png
5042,Frame aerial; loop antenna,poster/5042-frame-aerial-loop-antenna.png
5043,Tuner; radio receiver,poster/5043-tuner-radio-receiver.png
5044,"Signal strength attenuation, local/distant",poster/5044-signal-strength-attenuation-local-distant.png
5045,Tuning,poster/5045-tuning.png
5046,Automatic frequency control,poster/5046-automatic-frequency-control.png
5047,Muting; squelch,poster/5047-muting-squelch.png
5048,Colour (qualifying symbol),poster/5048-colour-qualifying-symbol.png
5049,Television; video; screen,poster/5049-television-video-screen.png
5050,Colour television,poster/5050-colour-television.png
5051,Television monitor,poster/5051-television-monitor.png
5052,Colour television monitor,poster/5052-colour-television-monitor.png
5053,Television receiver,poster/5053-television-receiver.png
5054,Colour television receiver,poster/5054-colour-television-receiver.png
5055,Focus,poster/5055-focus.png
5056,Brightness; brilliance,poster/5056-brightness-brilliance.png
5057,Contrast,poster/5057-contrast.png
5058,Colour saturation,poster/5058-colour-saturation.png
5059,Crispener,poster/5059-crispener.png
5060,Hue,poster/5060-hue.png
5061,Horizontal synchronization,poster/5061-horizontal-synchronization.png
5062,Vertical synchronization,poster/5062-vertical-synchronization.png
5064,Vertical picture shift,poster/5064-vertical-picture-shift.png
5065,Horizontal picture amplitude,poster/5065-horizontal-picture-amplitude.png
5066,Vertical picture amplitude,poster/5066-vertical-picture-amplitude.png
5067,Picture size adjustment,poster/5067-picture-size-adjustment.png
5068,Horizontal linearity,poster/5068-horizontal-linearity.png
5069,Vertical linearity,poster/5069-vertical-linearity.png
5070,Monophonic,poster/5070-monophonic.png
5071,Stereophonic,poster/5071-stereophonic.png
5072,Balance,poster/5072-balance.png
5073,Omnidirectional microphone,poster/5073-omnidirectional-microphone.png
5074,Bi-directional microphone,poster/5074-bi-directional-microphone.png
5075,Unidirectional or cardioid microphone,poster/5075-unidirectional-or-cardioid-microphone.png
5076,Earphone,poster/5076-earphone.png
5077,Headphones,poster/5077-headphones.png
5078,Stereophonic headphones,poster/5078-stereophonic-headphones.png
5079,Headset,poster/5079-headset.png
5080,Loudspeaker,poster/5080-loudspeaker.png
5081,Loudspeaker/microphone,poster/5081-loudspeaker-microphone.png
5082,"Microphone, general",poster/5082-microphone-general.png
5083,Stereophonic microphone,poster/5083-stereophonic-microphone.png
5084,Amplifier,poster/5084-amplifier.png
5085,Music,poster/5085-music.png
5086,Pick-up for disk records,poster/5086-pick-up-for-disk-records.png
5087,Stereophonic pick-up for disk records,poster/5087-stereophonic-pick-up-for-disk-records.png
5088,"Piezo-electric pick-up, crystal or ceramic",poster/5088-piezo-electric-pick-up-crystal-or-ceramic.png
5089,"Dynamic pick-up, electro- or magneto-dynamic",poster/5089-dynamic-pick-up-electro-or-magneto-dynamic.png
5090,Telephone; telephone adapter,poster/5090-telephone-telephone-adapter.png
5091,High-pass filter,poster/5091-high-pass-filter.png
5092,Low-pass filter,poster/5092-low-pass-filter.png
5093,Tape recorder,poster/5093-tape-recorder.png
5094,Magnetic tape stereo sound recorder,poster/5094-magnetic-tape-stereo-sound-recorder.png
5095,Recording on tape,poster/5095-recording-on-tape.png
5096,Play-back or reading from tape,poster/5096-play-back-or-reading-from-tape.png
5097,Erasing from tape,poster/5097-erasing-from-tape.png
5098,Monitoring at the input during recording on tape,poster/5098-monitoring-at-the-input-during-recording-on-tape.png
5099,Monitoring of tape after recording on tape,poster/5099-monitoring-of-tape-after-recording-on-tape.png
5100,Monitoring during play-back or reading from tape,poster/5100-monitoring-during-play-back-or-reading-from-tape.png
5101,Recording lock on tape recorders,poster/5101-recording-lock-on-tape-recorders.png
5102,Pulse marker on tape recorders,poster/5102-pulse-marker-on-tape-recorders.png
5103,Tape cutting,poster/5103-tape-cutting.png
5104,Start; start of action,poster/5104-start-start-of-action.png
5105,Instruction or correction,poster/5105-instruction-or-correction.png
5106,Length or end of text,poster/5106-length-or-end-of-text.png
5109,Not to be used in residential areas,poster/5109-not-to-be-used-in-residential-areas.png
5112,Transfer of signal,poster/5112-transfer-of-signal.png
5113,Rejection,poster/5113-rejection.png
5114,Foot switch,poster/5114-foot-switch.png
5115,Signal lamp,poster/5115-signal-lamp.png
5116,Television camera,poster/5116-television-camera.png
5117,Colour television camera,poster/5117-colour-television-camera.png
5118,Videotape recorder,poster/5118-videotape-recorder.png
5119,Colour videotape recorder,poster/5119-colour-videotape-recorder.png
5120,Video recording,poster/5120-video-recording.png
5121,Colour video recording,poster/5121-colour-video-recording.png
5122,Video play-back,poster/5122-video-play-back.png
5123,Colour video play-back,poster/5123-colour-video-play-back.png
5126,Loudspeaker in operation as a microphone,poster/5126-loudspeaker-in-operation-as-a-microphone.png
5127,Loudspeaker in operation as such,poster/5127-loudspeaker-in-operation-as-such.png
5128,Heading marker,poster/5128-heading-marker.png
5129,Aerial rotation; scanner rotation,poster/5129-aerial-rotation-scanner-rotation.png
5130,"Pulse, general",poster/5130-pulse-general.png
5131,Long pulse,poster/5131-long-pulse.png
5132,Programmable start,poster/5132-programmable-start.png
5133,Bearing marker,poster/5133-bearing-marker.png
5134,Electrostatic sensitive devices,poster/5134-electrostatic-sensitive-devices.png
5136,Ship's head-up presentation,poster/5136-ship-s-head-up-presentation.png
5137,North-up presentation,poster/5137-north-up-presentation.png
5138,Independent lighting auxiliary,poster/5138-independent-lighting-auxiliary.png
5140,Non-ionizing electromagnetic radiation,poster/5140-non-ionizing-electromagnetic-radiation.png
5141,"Anti sea-clutter, position of minimum",poster/5141-anti-sea-clutter-position-of-minimum.png
5142,"Anti rain-clutter, position of minimum",poster/5142-anti-rain-clutter-position-of-minimum.png
5143,Range selector,poster/5143-range-selector.png
5144,Range rings brilliance,poster/5144-range-rings-brilliance.png
5145,Variable range marker,poster/5145-variable-range-marker.png
5146,Adjustment to a minimum,poster/5146-adjustment-to-a-minimum.png
5147,Adjustment to a maximum,poster/5147-adjustment-to-a-maximum.png
5148,Pick-up for video disk record player,poster/5148-pick-up-for-video-disk-record-player.png
5149,Transmitted power monitor,poster/5149-transmitted-power-monitor.png
5150,Transmit/receive monitor,poster/5150-transmit-receive-monitor.png
5151,Hydrophone,poster/5151-hydrophone.png
5152,Radiation of laser apparatus,poster/5152-radiation-of-laser-apparatus.png
5153,Underwater sound projector,poster/5153-underwater-sound-projector.png
5154,Reversible transducer for underwater sound,poster/5154-reversible-transducer-for-underwater-sound.png
5156,Transformer,poster/5156-transformer.png
5157,Band-pass filter,poster/5157-band-pass-filter.png
5158,Band-pass filter with variable centre frequency,poster/5158-band-pass-filter-with-variable-centre-frequency.png
5159,Band-pass filter with variable pass-band; selectivity control,poster/5159-band-pass-filter-with-variable-pass-band-selectivity-control.png
5160,Band-stop filter,poster/5160-band-stop-filter.png
5161,"Anti sea-clutter, position of maximum",poster/5161-anti-sea-clutter-position-of-maximum.png
5162,"Anti rain-clutter, position of maximum",poster/5162-anti-rain-clutter-position-of-maximum.png
5163,Recording on an,poster/5163-recording-on-an.png
5164,Reading or reproduction,poster/5164-reading-or-reproduction.png
5165,Erasing from an,poster/5165-erasing-from-an.png
5166,Monitoring input data,poster/5166-monitoring-input-data.png
5167,Monitoring input data,poster/5167-monitoring-input-data.png
5168,Monitoring output data,poster/5168-monitoring-output-data.png
5169,Recording lock,poster/5169-recording-lock.png
5170,Marker,poster/5170-marker.png
5171,"Tape cutting, general",poster/5171-tape-cutting-general.png
5172,Class II equipment,poster/5172-class-ii-equipment.png
5173,Signal low terminal,poster/5173-signal-low-terminal.png
5177,Fast start,poster/5177-fast-start.png
5178,Fast stop,poster/5178-fast-stop.png
5179,Test voltage,poster/5179-test-voltage.png
5180,Class III equipment,poster/5180-class-iii-equipment.png
5181,Variability in steps,poster/5181-variability-in-steps.png
5182,Sound; audio,poster/5182-sound-audio.png
5183,"Variability, maximum step",poster/5183-variability-maximum-step.png
5184,Clock; time switch; timer,poster/5184-clock-time-switch-timer.png
5185,Rejection filter; wave trap,poster/5185-rejection-filter-wave-trap.png
5186,"Rectifier, general",poster/5186-rectifier-general.png
5187,Teacher; supervisor,poster/5187-teacher-supervisor.png
5188,Student; operator,poster/5188-student-operator.png
5189,Group of students; group of operators,poster/5189-group-of-students-group-of-operators.png
5190,All students; all operators,poster/5190-all-students-all-operators.png
5191,Frame adjustment,poster/5191-frame-adjustment.png
5192,Graphical recorder,poster/5192-graphical-recorder.png
5193,Printer,poster/5193-printer.png
5194,DC/AC-converter,poster/5194-dc-ac-converter.png
5195,Variable band-stop filter,poster/5195-variable-band-stop-filter.png
5196,"Gyro indicator, general",poster/5196-gyro-indicator-general.png
5197,"Gyro indicator, setting",poster/5197-gyro-indicator-setting.png
5198,Gyro-compass true bearing,poster/5198-gyro-compass-true-bearing.png
5199,Relative bearing,poster/5199-relative-bearing.png
5200,Bearing ruler setting,poster/5200-bearing-ruler-setting.png
5201,Phase calibration,poster/5201-phase-calibration.png
5202,Angle calibration,poster/5202-angle-calibration.png
5204,Sense-aerial switch; sense- antenna switch,poster/5204-sense-aerial-switch-sense-antenna-switch.png
5210,Speak,poster/5210-speak.png
5211,Listen,poster/5211-listen.png
5213,Morse key,poster/5213-morse-key.png
5216,Suitable for live working; double triangle,poster/5216-suitable-for-live-working-double-triangle.png
5219,Safety isolating transformer for toys,poster/5219-safety-isolating-transformer-for-toys.png
5220,Short-circuit-proof transformer,poster/5220-short-circuit-proof-transformer.png
5221,"Isolating transformer, general",poster/5221-isolating-transformer-general.png
5222,"Safety isolating transformer, general",poster/5222-safety-isolating-transformer-general.png
5223,Non-short-circuit-proof transformer,poster/5223-non-short-circuit-proof-transformer.png
5225,Electric shaver outlet,poster/5225-electric-shaver-outlet.png
5226,"Pre-wash, textile washing machines",poster/5226-pre-wash-textile-washing-machines.png
5227,"Main wash, textile washing machines",poster/5227-main-wash-textile-washing-machines.png
5228,Rinsing,poster/5228-rinsing.png
5229,Stop after last rinse,poster/5229-stop-after-last-rinse.png
5230,Spinning,poster/5230-spinning.png
5231,Without spinning,poster/5231-without-spinning.png
5232,Special treatment,poster/5232-special-treatment.png
5234,High water level,poster/5234-high-water-level.png
5235,Low water level,poster/5235-low-water-level.png
5236,Draining,poster/5236-draining.png
5237,Drying or warming operation,poster/5237-drying-or-warming-operation.png
5244,"Automatic gain control, large field",poster/5244-automatic-gain-control-large-field.png
5245,"Automatic gain control, small field",poster/5245-automatic-gain-control-small-field.png
5249,Frequency of an alarm signal,poster/5249-frequency-of-an-alarm-signal.png
5250,Conference,poster/5250-conference.png
5251,Enter subscriber data into the local memory,poster/5251-enter-subscriber-data-into-the-local-memory.png
5252,Parked call; held call,poster/5252-parked-call-held-call.png
5253,(Call) transfer,poster/5253-call-transfer.png
5254,Link unit,poster/5254-link-unit.png
5255,Travelling wave tube amplifier,poster/5255-travelling-wave-tube-amplifier.png
5256,Signalling sender,poster/5256-signalling-sender.png
5257,Signalling receiver,poster/5257-signalling-receiver.png
5258,"Frequency of a test, identification or control signal",poster/5258-frequency-of-a-test-identification-or-control-signal.png
5259,Frequency of a synchronizing signal,poster/5259-frequency-of-a-synchronizing-signal.png
5260,Demodulator,poster/5260-demodulator.png
5261,Modulator,poster/5261-modulator.png
5262,Modem,poster/5262-modem.png
5263,Principal control panel,poster/5263-principal-control-panel.png
5264,&quot;ON&quot; for a part of equipment,poster/5264-quot-on-quot-for-a-part-of-equipment.png
5265,&quot;OFF&quot; for a part of equipment,poster/5265-quot-off-quot-for-a-part-of-equipment.png
5266,Stand-by or preparatory state for a part of equipment,poster/5266-stand-by-or-preparatory-state-for-a-part-of-equipment.png
5267,Synchronizing function,poster/5267-synchronizing-function.png
5268,&quot;IN&quot; position of a bi-stable push control,poster/5268-quot-in-quot-position-of-a-bi-stable-push-control.png
5269,&quot;OUT&quot; position of a bi-stable push control,poster/5269-quot-out-quot-position-of-a-bi-stable-push-control.png
5270,Programmable stop; sleep timer,poster/5270-programmable-stop-sleep-timer.png
5271,Channel selector with logic control,poster/5271-channel-selector-with-logic-control.png
5272,Harmonic generator,poster/5272-harmonic-generator.png
5273,Automatic change-over unit,poster/5273-automatic-change-over-unit.png
5274,Manual change-over unit,poster/5274-manual-change-over-unit.png
5275,Overvoltage protection device,poster/5275-overvoltage-protection-device.png
5276,Local,poster/5276-local.png
5277,Remote,poster/5277-remote.png
5278,Phase jitter,poster/5278-phase-jitter.png
5279,Phase jitter filter,poster/5279-phase-jitter-filter.png
5280,"Loop, transmission line",poster/5280-loop-transmission-line.png
5281,Digital combiner,poster/5281-digital-combiner.png
5282,Digital separator,poster/5282-digital-separator.png
5283,Regenerative repeater,poster/5283-regenerative-repeater.png
5284,Converter with stabilized output voltage,poster/5284-converter-with-stabilized-output-voltage.png
5285,,poster/5285-untitled.png
5286,,poster/5286-untitled.png
5287,,poster/5287-untitled.png
5288,,poster/5288-untitled.png
5289,,poster/5289-untitled.png
5290,Page hold,poster/5290-page-hold.png
5291,Picture-in-picture mode,poster/5291-picture-in-picture-mode.png
5292,Interchange,poster/5292-interchange.png
5293,Position switch having a break contact with positive opening operation,poster/5293-position-switch-having-a-break-contact-with-positive-opening.png
5294,Badly soiled items; cooking utensils,poster/5294-badly-soiled-items-cooking-utensils.png
5295,Normally soiled items,poster/5295-normally-soiled-items.png
5296,Lightly soiled items,poster/5296-lightly-soiled-items.png
5297,Delicate items,poster/5297-delicate-items.png
5298,Regenerating agent,poster/5298-regenerating-agent.png
5299,Final rinse agent,poster/5299-final-rinse-agent.png
5300,"Pre-wash, dish washers",poster/5300-pre-wash-dish-washers.png
5301,Main wash detergent,poster/5301-main-wash-detergent.png
5302,Converter with stabilized output current,poster/5302-converter-with-stabilized-output-current.png
5303,Operational amplifier,poster/5303-operational-amplifier.png
5304,Equipment containing logic elements,poster/5304-equipment-containing-logic-elements.png
5305,Sampling unit,poster/5305-sampling-unit.png
5306,"Comparator, general",poster/5306-comparator-general.png
5307,"Alarm, general",poster/5307-alarm-general.png
5308,Urgent alarm,poster/5308-urgent-alarm.png
5309,Alarm system clear,poster/5309-alarm-system-clear.png
5310,Frame,poster/5310-frame.png
5311,Multiframe,poster/5311-multiframe.png
5312,Frame alignment,poster/5312-frame-alignment.png
5313,Loss of frame alignment,poster/5313-loss-of-frame-alignment.png
5314,Error in frame alignment,poster/5314-error-in-frame-alignment.png
5315,Two-level signal,poster/5315-two-level-signal.png
5316,Three-level signal,poster/5316-three-level-signal.png
5317,Binary coded signal,poster/5317-binary-coded-signal.png
5318,"Strobe, general",poster/5318-strobe-general.png
5319,Alarm inhibit,poster/5319-alarm-inhibit.png
5320,Indirect lighting,poster/5320-indirect-lighting.png
5321,Low-intensity lighting,poster/5321-low-intensity-lighting.png
5322,Hand-held switch,poster/5322-hand-held-switch.png
5323,"Iris diaphragm, open",poster/5323-iris-diaphragm-open.png
5324,"Iris diaphragm, closed",poster/5324-iris-diaphragm-closed.png
5325,Small focal spot,poster/5325-small-focal-spot.png
5326,Intermediate focal spot,poster/5326-intermediate-focal-spot.png
5327,Large focal spot,poster/5327-large-focal-spot.png
5328,Radiographic control,poster/5328-radiographic-control.png
5329,Indirect radiography,poster/5329-indirect-radiography.png
5330,Radioscopy,poster/5330-radioscopy.png
5331,Category AP equipment,poster/5331-category-ap-equipment.png
5332,Category APG equipment,poster/5332-category-apg-equipment.png
5333,Type BF applied part,poster/5333-type-bf-applied-part.png
5334,Defibrillation-proof type BF applied part,poster/5334-defibrillation-proof-type-bf-applied-part.png
5335,Type CF applied part,poster/5335-type-cf-applied-part.png
5336,Defibrillation-proof type CF applied part,poster/5336-defibrillation-proof-type-cf-applied-part.png
5337,X-ray tube,poster/5337-x-ray-tube.png
5338,X-ray source assembly,poster/5338-x-ray-source-assembly.png
5339,"X-ray source assembly, emitting",poster/5339-x-ray-source-assembly-emitting.png
5340,Vertical radioscopic stand,poster/5340-vertical-radioscopic-stand.png
5341,Vertical radiographic stand,poster/5341-vertical-radiographic-stand.png
5342,Horizontal radiographic table,poster/5342-horizontal-radiographic-table.png
5343,Photo-fluorographic stand,poster/5343-photo-fluorographic-stand.png
5344,Photo-fluorographic camera,poster/5344-photo-fluorographic-camera.png
5345,Equipment for tomography,poster/5345-equipment-for-tomography.png
5346,Tilting table with overtable X-ray source assembly,poster/5346-tilting-table-with-overtable-x-ray-source-assembly.png
5347,Tilting table with undertable X-ray source assembly,poster/5347-tilting-table-with-undertable-x-ray-source-assembly.png
5348,Radiodiagnostic compression device,poster/5348-radiodiagnostic-compression-device.png
5349,"Radiodiagnostic compression device, movement",poster/5349-radiodiagnostic-compression-device-movement.png
5350,"Radiodiagnostic compression device, pressure applied",poster/5350-radiodiagnostic-compression-device-pressure-applied.png
5351,"Radiodiagnostic compression device, parked",poster/5351-radiodiagnostic-compression-device-parked.png
5352,Anti-scatter grid,poster/5352-anti-scatter-grid.png
5353,"Anti-scatter grid, movement",poster/5353-anti-scatter-grid-movement.png
5354,"Anti-scatter grid, not used",poster/5354-anti-scatter-grid-not-used.png
5355,Radiodiagnostic automatic control system,poster/5355-radiodiagnostic-automatic-control-system.png
5356,Serial changer for single radiographic film,poster/5356-serial-changer-for-single-radiographic-film.png
5359,"Radiographic film selection, full format and orientation",poster/5359-radiographic-film-selection-full-format-and-orientation.png
5360,"Radiographic film selection, division by two and orientation",poster/5360-radiographic-film-selection-division-by-two-and-orientation.png
5361,"Radiographic film selection, division by four and orientation",poster/5361-radiographic-film-selection-division-by-four-and-orientation.png
5362,Film or cassette changer,poster/5362-film-or-cassette-changer.png
5363,"Film or cassette changers, bi- plane operation",poster/5363-film-or-cassette-changers-bi-plane-operation.png
5364,Radiodiagnostic simultaneous bi-plane operation,poster/5364-radiodiagnostic-simultaneous-bi-plane-operation.png
5365,Radiodiagnostic alternating bi-plane operation,poster/5365-radiodiagnostic-alternating-bi-plane-operation.png
5366,Floor mounted radiological equipment,poster/5366-floor-mounted-radiological-equipment.png
5367,Ceiling suspended radiological equipment,poster/5367-ceiling-suspended-radiological-equipment.png
5368,Radiodiagnostic urological table,poster/5368-radiodiagnostic-urological-table.png
5369,Surgical table,poster/5369-surgical-table.png
5370,"Patient's chair, rotation about a vertical axis",poster/5370-patient-s-chair-rotation-about-a-vertical-axis.png
5371,"Patient's chair, tilt about a horizontal axis",poster/5371-patient-s-chair-tilt-about-a-horizontal-axis.png
5372,Craniographic equipment,poster/5372-craniographic-equipment.png
5373,Radiodiagnostic C-arm,poster/5373-radiodiagnostic-c-arm.png
5374,Radiodiagnostic U-arm,poster/5374-radiodiagnostic-u-arm.png
5375,Mammographic equipment,poster/5375-mammographic-equipment.png
5376,X-ray image intensifier,poster/5376-x-ray-image-intensifier.png
5377,X-ray image intensifier with stabilized input,poster/5377-x-ray-image-intensifier-with-stabilized-input.png
5378,"Image intensifier, full input field",poster/5378-image-intensifier-full-input-field.png
5379,"Image intensifier, small input field",poster/5379-image-intensifier-small-input-field.png
5380,"X-ray image intensifier, gettering",poster/5380-x-ray-image-intensifier-gettering.png
5381,Radiation filter or filtration,poster/5381-radiation-filter-or-filtration.png
5382,Injection syringe,poster/5382-injection-syringe.png
5383,Indication of radiation field centre by light,poster/5383-indication-of-radiation-field-centre-by-light.png
5384,Indication of radiation field by light,poster/5384-indication-of-radiation-field-by-light.png
5385,"Beam limiting device, open",poster/5385-beam-limiting-device-open.png
5386,"Beam limiting device, closed",poster/5386-beam-limiting-device-closed.png
5387,Beam limiting device with separate opening of the shutters,poster/5387-beam-limiting-device-with-separate-opening-of-the-shutters.png
5388,Beam limiting device with separate closing of the shutters,poster/5388-beam-limiting-device-with-separate-closing-of-the-shutters.png
5390,"Person, general; patient, normal",poster/5390-person-general-patient-normal.png
5391,"Patient, obese",poster/5391-patient-obese.png
5392,"Patient support, tilting",poster/5392-patient-support-tilting.png
5393,"Patient support, longitudinal movement",poster/5393-patient-support-longitudinal-movement.png
5394,"Patient support, stepwise movement",poster/5394-patient-support-stepwise-movement.png
5395,"Patient support, orthogonal movement to its plane",poster/5395-patient-support-orthogonal-movement-to-its-plane.png
5396,"Patient support, movements in its plane",poster/5396-patient-support-movements-in-its-plane.png
5397,"Patient support, rotation about a longitudinal axis",poster/5397-patient-support-rotation-about-a-longitudinal-axis.png
5398,"Patient cradle, rotation about its longitudinal axis",poster/5398-patient-cradle-rotation-about-its-longitudinal-axis.png
5399,"Patient support, rotation about an orthogonal axis",poster/5399-patient-support-rotation-about-an-orthogonal-axis.png
5401,Tomographic movement without X radiation,poster/5401-tomographic-movement-without-x-radiation.png
5402,Tomographic movement with X radiation,poster/5402-tomographic-movement-with-x-radiation.png
5403,Tomographic layer selection,poster/5403-tomographic-layer-selection.png
5404,"Anode rotation, normal speed",poster/5404-anode-rotation-normal-speed.png
5405,"Anode rotation, high speed",poster/5405-anode-rotation-high-speed.png
5406,Ionization chamber,poster/5406-ionization-chamber.png
5407,"Electronic image, normal aspect",poster/5407-electronic-image-normal-aspect.png
5408,"Electronic image, reversal right-to-left",poster/5408-electronic-image-reversal-right-to-left.png
5409,"Electronic image, inverted top-to-bottom",poster/5409-electronic-image-inverted-top-to-bottom.png
5410,"Electronic image, inverted top-to-bottom and reversal right-to-left",poster/5410-electronic-image-inverted-top-to-bottom-and-reversal-right-t.png
5411,"Screen or video image, reversal black-to-white",poster/5411-screen-or-video-image-reversal-black-to-white.png
5412,"Screen or video image, reference field",poster/5412-screen-or-video-image-reference-field.png
5413,"Electronic image, gamma control",poster/5413-electronic-image-gamma-control.png
5415,Elapsed time display,poster/5415-elapsed-time-display.png
5416,Remaining time display; processing,poster/5416-remaining-time-display-processing.png
5417,Programmable duration,poster/5417-programmable-duration.png
5418,"Dust bag, full",poster/5418-dust-bag-full.png
5419,Dust bag,poster/5419-dust-bag.png
5420,Scrambler,poster/5420-scrambler.png
5421,Descrambler,poster/5421-descrambler.png
5424,"Interface device, general",poster/5424-interface-device-general.png
5430,Priority,poster/5430-priority.png
5431,Direct link,poster/5431-direct-link.png
5432,Omnibus link,poster/5432-omnibus-link.png
5433,Normal operation,poster/5433-normal-operation.png
5434,Reserve operation,poster/5434-reserve-operation.png
5435,Brightness and contrast,poster/5435-brightness-and-contrast.png
5436,Sound muting,poster/5436-sound-muting.png
5438,Spatial sound effect,poster/5438-spatial-sound-effect.png
5440,"Programmable timer, general",poster/5440-programmable-timer-general.png
5444,Remote control reception indicator,poster/5444-remote-control-reception-indicator.png
5446,Single or multi-digit selection,poster/5446-single-or-multi-digit-selection.png
5447,Frequency band selection,poster/5447-frequency-band-selection.png
5448,Input/output,poster/5448-input-output.png
5457,Auto reverse,poster/5457-auto-reverse.png
5459,Eject,poster/5459-eject.png
5460,Storage/store mode finished,poster/5460-storage-store-mode-finished.png
5463,Teletext mode,poster/5463-teletext-mode.png
5464,"Satellite reception mode, general",poster/5464-satellite-reception-mode-general.png
5467,"Screen or video image, freeze",poster/5467-screen-or-video-image-freeze.png
5471,"Frame by frame, general",poster/5471-frame-by-frame-general.png
5476,Main index page,poster/5476-main-index-page.png
5477,"Image display, cancel",poster/5477-image-display-cancel.png
5478,Page enlargement,poster/5478-page-enlargement.png
5480,TV and text mixed,poster/5480-tv-and-text-mixed.png
5483,Page number down,poster/5483-page-number-down.png
5484,Page number up,poster/5484-page-number-up.png
5487,Video data,poster/5487-video-data.png
5490,"Enlargement of the cooking zone, concentric",poster/5490-enlargement-of-the-cooking-zone-concentric.png
5491,"Enlargement of the cooking zone, eccentric",poster/5491-enlargement-of-the-cooking-zone-eccentric.png
5492,"Enlargement of the cooking zone, oval",poster/5492-enlargement-of-the-cooking-zone-oval.png
5493,"Enlargement of the cooking zone, bilateral",poster/5493-enlargement-of-the-cooking-zone-bilateral.png
5495,Return to an initial state,poster/5495-return-to-an-initial-state.png
5498,Short code dialling,poster/5498-short-code-dialling.png
5499,Basic diversion,poster/5499-basic-diversion.png
5500,Three-party call,poster/5500-three-party-call.png
5501,Call-back,poster/5501-call-back.png
5502,Incoming calls barred,poster/5502-incoming-calls-barred.png
5503,General cancel,poster/5503-general-cancel.png
5504,Repeat last call,poster/5504-repeat-last-call.png
5505,No-reply diversion,poster/5505-no-reply-diversion.png
5506,Enquiry call,poster/5506-enquiry-call.png
5507,Call waiting,poster/5507-call-waiting.png
5508,Call pick-up,poster/5508-call-pick-up.png
5509,Disconnection,poster/5509-disconnection.png
5510,Additional information on screen,poster/5510-additional-information-on-screen.png
5511,Menu,poster/5511-menu.png
5512,System status display,poster/5512-system-status-display.png
5513,"Picture-in-picture, shift",poster/5513-picture-in-picture-shift.png
5514,"Picture-in-picture, freeze",poster/5514-picture-in-picture-freeze.png
5515,"Picture-in-picture, swap",poster/5515-picture-in-picture-swap.png
5516,"Picture-in-picture, select",poster/5516-picture-in-picture-select.png
5518,Video disc player,poster/5518-video-disc-player.png
5519,Timed page cancel,poster/5519-timed-page-cancel.png
5520,Subtitle,poster/5520-subtitle.png
5522,Colour video input/output,poster/5522-colour-video-input-output.png
5526,Colour video input,poster/5526-colour-video-input.png
5530,Colour video output,poster/5530-colour-video-output.png
5533,Record review,poster/5533-record-review.png
5534,Power plug,poster/5534-power-plug.png
5535,Loudness,poster/5535-loudness.png
5536,Moisture,poster/5536-moisture.png
5537,Fader,poster/5537-fader.png
5538,Close-up,poster/5538-close-up.png
5539,Wide-angle,poster/5539-wide-angle.png
5540,Tele(photo),poster/5540-tele-photo.png
5541,Background light,poster/5541-background-light.png
5542,Plane of sensitized material; image plane,poster/5542-plane-of-sensitized-material-image-plane.png
5543,Record player; phonograph,poster/5543-record-player-phonograph.png
5544,Compact disc player,poster/5544-compact-disc-player.png
5546,Battery check,poster/5546-battery-check.png
5547,"Recording, general",poster/5547-recording-general.png
5548,Insertion of signals,poster/5548-insertion-of-signals.png
5549,Record muting,poster/5549-record-muting.png
5550,"Tone arm, up",poster/5550-tone-arm-up.png
5551,"Tone arm, down",poster/5551-tone-arm-down.png
5552,"Colour temperature, natural light",poster/5552-colour-temperature-natural-light.png
5553,"Colour temperature, incandescent lamp",poster/5553-colour-temperature-incandescent-lamp.png
5554,Still mode,poster/5554-still-mode.png
5555,Tape running direction,poster/5555-tape-running-direction.png
5556,Manual reverse,poster/5556-manual-reverse.png
5557,Auto reverse continuously,poster/5557-auto-reverse-continuously.png
5558,White balance,poster/5558-white-balance.png
5559,Two independent audio channels,poster/5559-two-independent-audio-channels.png
5560,Cable television distribution,poster/5560-cable-television-distribution.png
5561,Cassette,poster/5561-cassette.png
5562,Tape end,poster/5562-tape-end.png
5569,"Locking, general",poster/5569-locking-general.png
5570,Unlocking,poster/5570-unlocking.png
5572,Cable coiling,poster/5572-cable-coiling.png
5573,"Water tap, closed",poster/5573-water-tap-closed.png
5574,"Water tap, open",poster/5574-water-tap-open.png
5575,Filter cleaning / changing,poster/5575-filter-cleaning-changing.png
5576,Bell cancel,poster/5576-bell-cancel.png
5577,"Zone focus, very short distance",poster/5577-zone-focus-very-short-distance.png
5578,"Zone focus, short distance",poster/5578-zone-focus-short-distance.png
5579,"Zone focus, middle distance",poster/5579-zone-focus-middle-distance.png
5580,"Zone focus, long distance",poster/5580-zone-focus-long-distance.png
5581,Save; economize,poster/5581-save-economize.png
5582,Suitable for use in a bath or shower,poster/5582-suitable-for-use-in-a-bath-or-shower.png
5583,Short wash programme,poster/5583-short-wash-programme.png
5584,Laundry starch,poster/5584-laundry-starch.png
5585,Gentle spin dry,poster/5585-gentle-spin-dry.png
5586,Half load,poster/5586-half-load.png
5587,Lightly soiled,poster/5587-lightly-soiled.png
5588,Medium soiled,poster/5588-medium-soiled.png
5589,Heavily soiled,poster/5589-heavily-soiled.png
5594,Crease resisting,poster/5594-crease-resisting.png
5595,"Condensate collector, general",poster/5595-condensate-collector-general.png
5596,"Condensate collector, full",poster/5596-condensate-collector-full.png
5597,"Steam, low jet",poster/5597-steam-low-jet.png
5598,"Steam, medium jet",poster/5598-steam-medium-jet.png
5599,"Steam, high jet",poster/5599-steam-high-jet.png
5600,Smooth floor or surface,poster/5600-smooth-floor-or-surface.png
5601,"Carpet, general",poster/5601-carpet-general.png
5602,"Carpet, long pile",poster/5602-carpet-long-pile.png
5603,Upholstery,poster/5603-upholstery.png
5604,Curtains,poster/5604-curtains.png
5605,"Brush, extended",poster/5605-brush-extended.png
5606,"Brush, retracted",poster/5606-brush-retracted.png
5607,"Oven, general",poster/5607-oven-general.png
5608,"Oven, rotisserie",poster/5608-oven-rotisserie.png
5609,"Oven, grill",poster/5609-oven-grill.png
5610,"Oven, warm circulating air",poster/5610-oven-warm-circulating-air.png
5611,"Oven, warm air grill",poster/5611-oven-warm-air-grill.png
5612,"Oven, lower heating",poster/5612-oven-lower-heating.png
5613,"Oven, upper heating",poster/5613-oven-upper-heating.png
5614,"Oven, lower and upper heating",poster/5614-oven-lower-and-upper-heating.png
5615,"Oven, microwave",poster/5615-oven-microwave.png
5616,"Oven, microwave and turntable",poster/5616-oven-microwave-and-turntable.png
5617,"Oven, self-cleaning",poster/5617-oven-self-cleaning.png
5618,"Oven, automatic",poster/5618-oven-automatic.png
5619,"Oven, lighting",poster/5619-oven-lighting.png
5620,"Oven, defrosting position",poster/5620-oven-defrosting-position.png
5621,"Oven, thermometer",poster/5621-oven-thermometer.png
5622,"Stove, plate indicator",poster/5622-stove-plate-indicator.png
5623,"Door, closed",poster/5623-door-closed.png
5624,"Door, open",poster/5624-door-open.png
5625,"Intermediate rinsing, dish washers",poster/5625-intermediate-rinsing-dish-washers.png
5627,"Oven, warming",poster/5627-oven-warming.png
5628,"Functional movement, stepwise mode",poster/5628-functional-movement-stepwise-mode.png
5631,Three component video signal (qualifying symbol),poster/5631-three-component-video-signal-qualifying-symbol.png
5632,Three component video input/output,poster/5632-three-component-video-input-output.png
5633,Three component video input,poster/5633-three-component-video-input.png
5634,Three component video output,poster/5634-three-component-video-output.png
5635,Two component video input/output,poster/5635-two-component-video-input-output.png
5636,Two component video input,poster/5636-two-component-video-input.png
5637,Two component video,poster/5637-two-component-video.png
5638,Emergency stop,poster/5638-emergency-stop.png
5639,Rechargeable battery,poster/5639-rechargeable-battery.png
5640,"Main wash, dish washers",poster/5640-main-wash-dish-washers.png
5641,Suitable for covering,poster/5641-suitable-for-covering.png
5642,"Image intensifier, medium",poster/5642-image-intensifier-medium.png
5643,Zero line shift,poster/5643-zero-line-shift.png
5645,Correction of a region of interest,poster/5645-correction-of-a-region-of-interest.png
5646,Definition of a region of interest,poster/5646-definition-of-a-region-of-interest.png
5647,Display in cascade,poster/5647-display-in-cascade.png
5648,Display transfer,poster/5648-display-transfer.png
5649,"Limits, general",poster/5649-limits-general.png
5650,Adjustable upper limit,poster/5650-adjustable-upper-limit.png
5651,Adjustable lower limit,poster/5651-adjustable-lower-limit.png
5652,Baseline adjustment,poster/5652-baseline-adjustment.png
5653,Baseline reset to a determined value,poster/5653-baseline-reset-to-a-determined-value.png
5655,"Rotation around an axis, axial view",poster/5655-rotation-around-an-axis-axial-view.png
5656,"Rotation around an axis, side view",poster/5656-rotation-around-an-axis-side-view.png
5657,Mixing of substances,poster/5657-mixing-of-substances.png
5658,Distance measurement,poster/5658-distance-measurement.png
5659,"Start, test run",poster/5659-start-test-run.png
5661,Ready for transport,poster/5661-ready-for-transport.png
5662,Date,poster/5662-date.png
5663,Next person,poster/5663-next-person.png
5664,Person identification,poster/5664-person-identification.png
5665,Body weight,poster/5665-body-weight.png
5666,Body height,poster/5666-body-height.png
5667,Baby,poster/5667-baby.png
5668,Nurse,poster/5668-nurse.png
5669,Scintillation counter,poster/5669-scintillation-counter.png
5670,Scintillation counter with well,poster/5670-scintillation-counter-with-well.png
5671,Gamma camera,poster/5671-gamma-camera.png
5672,"Gamma camera, tilt",poster/5672-gamma-camera-tilt.png
5673,"Gamma camera, rotation",poster/5673-gamma-camera-rotation.png
5674,Movement of a patient support at normal speed,poster/5674-movement-of-a-patient-support-at-normal-speed.png
5675,Movement of a patient support at high speed,poster/5675-movement-of-a-patient-support-at-high-speed.png
5676,"Equipment for tomography, movement to start position",poster/5676-equipment-for-tomography-movement-to-start-position.png
5677,Floor standing X-ray source assembly with horizontal table,poster/5677-floor-standing-x-ray-source-assembly-with-horizontal-table.png
5678,Floor standing X-ray source assembly with tilting table,poster/5678-floor-standing-x-ray-source-assembly-with-tilting-table.png
5679,Ceiling suspended X-ray source assembly with horizontal table,poster/5679-ceiling-suspended-x-ray-source-assembly-with-horizontal-tabl.png
5680,Ceiling suspended X-ray source assembly with tilting table,poster/5680-ceiling-suspended-x-ray-source-assembly-with-tilting-table.png
5681,Equipment for tomography with tilting table,poster/5681-equipment-for-tomography-with-tilting-table.png
5683,"X-ray intensifying screen, low sensitivity",poster/5683-x-ray-intensifying-screen-low-sensitivity.png
5684,"X-ray intensifying screen, medium sensitivity",poster/5684-x-ray-intensifying-screen-medium-sensitivity.png
5685,"X-ray intensifying screen, high sensitivity",poster/5685-x-ray-intensifying-screen-high-sensitivity.png
5686,Stereo focal spot,poster/5686-stereo-focal-spot.png
5687,"Ultrasound image, general",poster/5687-ultrasound-image-general.png
5688,"Ultrasound image, dual- image",poster/5688-ultrasound-image-dual-image.png
5689,"Ultrasound image, field selection",poster/5689-ultrasound-image-field-selection.png
5690,"Ultrasound image, magnification",poster/5690-ultrasound-image-magnification.png
5691,"Ultrasound image, scan- line selection",poster/5691-ultrasound-image-scan-line-selection.png
5692,"Ultrasound image, image selection",poster/5692-ultrasound-image-image-selection.png
5693,"Ultrasound image, M mode",poster/5693-ultrasound-image-m-mode.png
5694,"Ultrasound image, B and M modes",poster/5694-ultrasound-image-b-and-m-modes.png
5695,"Ultrasound image, M speed",poster/5695-ultrasound-image-m-speed.png
5696,"Ultrasound image, pulsed Doppler mode",poster/5696-ultrasound-image-pulsed-doppler-mode.png
5697,"Ultrasound image, CW Doppler mode",poster/5697-ultrasound-image-cw-doppler-mode.png
5698,"Ultrasound image, measuring volume increase",poster/5698-ultrasound-image-measuring-volume-increase.png
5699,"Ultrasound image, measuring volume movement upwards",poster/5699-ultrasound-image-measuring-volume-movement-upwards.png
5700,"Ultrasound image, measuring volume movement downwards",poster/5700-ultrasound-image-measuring-volume-movement-downwards.png
5701,"Ultrasound image, measuring volume decrease",poster/5701-ultrasound-image-measuring-volume-decrease.png
5702,"Ultrasound image, positioning of the focus",poster/5702-ultrasound-image-positioning-of-the-focus.png
5707,Pencil probe,poster/5707-pencil-probe.png
5709,Probe for sector-shaped sound field,poster/5709-probe-for-sector-shaped-sound-field.png
5710,Linear or curved array probe,poster/5710-linear-or-curved-array-probe.png
5711,Probe for circular sound field,poster/5711-probe-for-circular-sound-field.png
5712,Variation of ultrasound energy,poster/5712-variation-of-ultrasound-energy.png
5713,Variation of scan depth,poster/5713-variation-of-scan-depth.png
5714,Variation of scan aperture,poster/5714-variation-of-scan-aperture.png
5715,"Ultrasound receiver, overall gain",poster/5715-ultrasound-receiver-overall-gain.png
5716,"Ultrasound receiver, near field gain",poster/5716-ultrasound-receiver-near-field-gain.png
5717,"Ultrasound receiver, start point depth compensation",poster/5717-ultrasound-receiver-start-point-depth-compensation.png
5718,"Ultrasound receiver, depth compensation",poster/5718-ultrasound-receiver-depth-compensation.png
5719,"Ultrasound receiver, far field gain",poster/5719-ultrasound-receiver-far-field-gain.png
5720,Image line density,poster/5720-image-line-density.png
5721,Dynamic range,poster/5721-dynamic-range.png
5722,Grey scale,poster/5722-grey-scale.png
5723,Edge enhancement,poster/5723-edge-enhancement.png
5725,Shockwave head,poster/5725-shockwave-head.png
5726,"Shockwave head, overtable position",poster/5726-shockwave-head-overtable-position.png
5727,"Shockwave head, undertable position",poster/5727-shockwave-head-undertable-position.png
5728,"Shockwave head, movement in the longitudinal direction",poster/5728-shockwave-head-movement-in-the-longitudinal-direction.png
5729,"Shockwave head, rotational movement",poster/5729-shockwave-head-rotational-movement.png
5730,"Shockwave head, target position",poster/5730-shockwave-head-target-position.png
5731,"Shockwave head, park position",poster/5731-shockwave-head-park-position.png
5732,"Shockwave head, decouple",poster/5732-shockwave-head-decouple.png
5733,"Shockwave head, couple",poster/5733-shockwave-head-couple.png
5734,"Shockwave head, therapy position left",poster/5734-shockwave-head-therapy-position-left.png
5735,"Shockwave head, therapy position right",poster/5735-shockwave-head-therapy-position-right.png
5736,Impulse,poster/5736-impulse.png
5737,Respiratory triggering,poster/5737-respiratory-triggering.png
5738,Alignment of the target position,poster/5738-alignment-of-the-target-position.png
5739,Driving to the target position,poster/5739-driving-to-the-target-position.png
5740,Electrode replacement position,poster/5740-electrode-replacement-position.png
5741,Respiratory mask,poster/5741-respiratory-mask.png
5742,Tracheal tube,poster/5742-tracheal-tube.png
5743,Laryngoscope,poster/5743-laryngoscope.png
5744,Ampule,poster/5744-ampule.png
5745,Hypodermic needle,poster/5745-hypodermic-needle.png
5746,Resuscitator,poster/5746-resuscitator.png
5747,Infusion bottle,poster/5747-infusion-bottle.png
5748,Surgical instrument,poster/5748-surgical-instrument.png
5749,Electrical cautery device,poster/5749-electrical-cautery-device.png
5750,"Radiation, infrared",poster/5750-radiation-infrared.png
5751,"Radiation, ultraviolet",poster/5751-radiation-ultraviolet.png
5752,Changing the line spacing,poster/5752-changing-the-line-spacing.png
5753,Digital indicator,poster/5753-digital-indicator.png
5754,Probe angulation,poster/5754-probe-angulation.png
5755,"Probe, longitudinal movement",poster/5755-probe-longitudinal-movement.png
5756,Probe in parking position,poster/5756-probe-in-parking-position.png
5757,,poster/5757-untitled.png
5765,Detector head in overtable position,poster/5765-detector-head-in-overtable-position.png
5766,Detector head in undertable position,poster/5766-detector-head-in-undertable-position.png
5767,Energy selective radiation multichannel measurement,poster/5767-energy-selective-radiation-multichannel-measurement.png
5768,Pixel averaging,poster/5768-pixel-averaging.png
5769,"Shockwave head, movement in lateral direction",poster/5769-shockwave-head-movement-in-lateral-direction.png
5770,Keypad,poster/5770-keypad.png
5771,"Electronic image, averaging",poster/5771-electronic-image-averaging.png
5772,"Electronic image, rotation",poster/5772-electronic-image-rotation.png
5773,"Television or video image, interlacing",poster/5773-television-or-video-image-interlacing.png
5774,Film blackening,poster/5774-film-blackening.png
5777,"Electrosurgery, electrode handle",poster/5777-electrosurgery-electrode-handle.png
5778,"Electrosurgery, one- button electrode handle",poster/5778-electrosurgery-one-button-electrode-handle.png
5779,"Electrosurgery, two- button electrode handle",poster/5779-electrosurgery-two-button-electrode-handle.png
5780,"Electrosurgery, cutting mode",poster/5780-electrosurgery-cutting-mode.png
5781,"Electrosurgery, blended cutting mode",poster/5781-electrosurgery-blended-cutting-mode.png
5782,"Electrosurgery, coagulation mode",poster/5782-electrosurgery-coagulation-mode.png
5783,"Electrosurgery, spray coagulation mode",poster/5783-electrosurgery-spray-coagulation-mode.png
5784,"Electrosurgery, bipolar coagulation mode",poster/5784-electrosurgery-bipolar-coagulation-mode.png
5785,Suitable for use in the tropics,poster/5785-suitable-for-use-in-the-tropics.png
5786,Suitable for use in the subtropics,poster/5786-suitable-for-use-in-the-subtropics.png
5788,"Displayed image, enlarged",poster/5788-displayed-image-enlarged.png
5789,"Displayed image, reduced",poster/5789-displayed-image-reduced.png
5791,Panning function,poster/5791-panning-function.png
5792,Enlargement of region of interest,poster/5792-enlargement-of-region-of-interest.png
5794,Image interchange,poster/5794-image-interchange.png
5795,ECG triggered display,poster/5795-ecg-triggered-display.png
5800,Split screen,poster/5800-split-screen.png
5802,Screen selection,poster/5802-screen-selection.png
5810,"Patient position, head/foot reversed",poster/5810-patient-position-head-foot-reversed.png
5811,"Patient position, supine",poster/5811-patient-position-supine.png
5812,"Patient position, prone",poster/5812-patient-position-prone.png
5814,"Patient position, left side",poster/5814-patient-position-left-side.png
5815,Next image series,poster/5815-next-image-series.png
5816,Previous image series,poster/5816-previous-image-series.png
5817,Exposure with contrast injection,poster/5817-exposure-with-contrast-injection.png
5818,"Beam limiting device, general preset",poster/5818-beam-limiting-device-general-preset.png
5819,"Beam limiting device, esophagus preset",poster/5819-beam-limiting-device-esophagus-preset.png
5820,"Beam limiting device, small field preset",poster/5820-beam-limiting-device-small-field-preset.png
5821,Selection of other bi-plane channel,poster/5821-selection-of-other-bi-plane-channel.png
5822,Manual movement,poster/5822-manual-movement.png
5823,Definition of start position of patient support movement,poster/5823-definition-of-start-position-of-patient-support-movement.png
5824,Movement of patient support to start position,poster/5824-movement-of-patient-support-to-start-position.png
5825,"Wedge, in / out movement",poster/5825-wedge-in-out-movement.png
5826,"Contour wedge, in / out movement",poster/5826-contour-wedge-in-out-movement.png
5827,"Central wedge, in / out movement",poster/5827-central-wedge-in-out-movement.png
5828,"Wedge, rotation",poster/5828-wedge-rotation.png
5829,"Central wedge, rotation",poster/5829-central-wedge-rotation.png
5830,"X-ray source, rotation around a horizontal axis",poster/5830-x-ray-source-rotation-around-a-horizontal-axis.png
5831,"X-ray source and image intensifier, combined rotation",poster/5831-x-ray-source-and-image-intensifier-combined-rotation.png
5832,"X-ray source and image intensifier, combined movement",poster/5832-x-ray-source-and-image-intensifier-combined-movement.png
5833,"X-ray source, rotation around its beam axis",poster/5833-x-ray-source-rotation-around-its-beam-axis.png
5840,Type B applied part,poster/5840-type-b-applied-part.png
5841,Defibrillation-proof type B applied part,poster/5841-defibrillation-proof-type-b-applied-part.png
5842,Multi-pulse,poster/5842-multi-pulse.png
5843,Target position,poster/5843-target-position.png
5844,Body temperature,poster/5844-body-temperature.png
5845,Inner diameter,poster/5845-inner-diameter.png
5846,Outer diameter,poster/5846-outer-diameter.png
5847,Trend,poster/5847-trend.png
5848,Probe rotation,poster/5848-probe-rotation.png
5849,Setup,poster/5849-setup.png
5850,Serial interface,poster/5850-serial-interface.png
5851,Printer connection; parallel interface,poster/5851-printer-connection-parallel-interface.png
5852,X-ray filter,poster/5852-x-ray-filter.png
5853,"Final rinsing, dish washers",poster/5853-final-rinsing-dish-washers.png
5854,Fast freeze; superfrost,poster/5854-fast-freeze-superfrost.png
5855,Minimum supply capacity,poster/5855-minimum-supply-capacity.png
5856,Pre-wash detergent,poster/5856-pre-wash-detergent.png
5857,Lamp test,poster/5857-lamp-test.png
5861,Next; to play next part,poster/5861-next-to-play-next-part.png
5862,Previous; to play previous part,poster/5862-previous-to-play-previous-part.png
5863,"Tune, high key",poster/5863-tune-high-key.png
5864,"Tune, low key",poster/5864-tune-low-key.png
5865,"Tune, normal key",poster/5865-tune-normal-key.png
5866,"Picture adjustment, tilt",poster/5866-picture-adjustment-tilt.png
5867,"Picture adjustment, skew",poster/5867-picture-adjustment-skew.png
5868,"Picture adjustment, horizontal keystone",poster/5868-picture-adjustment-horizontal-keystone.png
5869,"Picture adjustment, vertical keystone",poster/5869-picture-adjustment-vertical-keystone.png
5870,"Picture adjustment, horizontal pincushion",poster/5870-picture-adjustment-horizontal-pincushion.png
5871,"Picture adjustment, vertical pincushion",poster/5871-picture-adjustment-vertical-pincushion.png
5872,"Picture adjustment, horizontal bow",poster/5872-picture-adjustment-horizontal-bow.png
5873,"Picture adjustment, vertical bow",poster/5873-picture-adjustment-vertical-bow.png
5874,"Picture adjustment, rotation",poster/5874-picture-adjustment-rotation.png
5875,Optical focus,poster/5875-optical-focus.png
5876,Night portrait mode,poster/5876-night-portrait-mode.png
5877,Low light mode,poster/5877-low-light-mode.png
5879,Self-timer,poster/5879-self-timer.png
5880,World time,poster/5880-world-time.png
5881,Summer time,poster/5881-summer-time.png
5882,Sound and language selection,poster/5882-sound-and-language-selection.png
5883,Camera position selection,poster/5883-camera-position-selection.png
5884,Memory disk,poster/5884-memory-disk.png
5885,Still camera,poster/5885-still-camera.png
5886,"Image display, basic setting",poster/5886-image-display-basic-setting.png
5887,Camera recorder,poster/5887-camera-recorder.png
5888,Transfer marked images,poster/5888-transfer-marked-images.png
5889,Marking of an image,poster/5889-marking-of-an-image.png
5890,Store displayed image,poster/5890-store-displayed-image.png
5892,Transfer image,poster/5892-transfer-image.png
5893,"Electronic shutters, close",poster/5893-electronic-shutters-close.png
5894,"Electronic shutters, open",poster/5894-electronic-shutters-open.png
5895,Ergometer,poster/5895-ergometer.png
5896,Optical conductor lighting,poster/5896-optical-conductor-lighting.png
5897,"Floor stand, horizontal adjustment",poster/5897-floor-stand-horizontal-adjustment.png
5913,Handheld microphone,poster/5913-handheld-microphone.png
5914,Emergency warning reception mode,poster/5914-emergency-warning-reception-mode.png
5915,"Booth, language laboratory",poster/5915-booth-language-laboratory.png
5916,Pair of students,poster/5916-pair-of-students.png
5917,Single frame shot,poster/5917-single-frame-shot.png
5918,Lighting with reflector,poster/5918-lighting-with-reflector.png
5920,"Position, centre front",poster/5920-position-centre-front.png
5921,"Position, centre rear",poster/5921-position-centre-rear.png
5922,"Position, centre",poster/5922-position-centre.png
5923,"Position, left front",poster/5923-position-left-front.png
5924,"Position, left rear",poster/5924-position-left-rear.png
5925,"Position, left",poster/5925-position-left.png
5926,Polarity of d.c. power connector,poster/5926-polarity-of-d-c-power-connector.png
5927,Fast shutter speed mode; sports mode,poster/5927-fast-shutter-speed-mode-sports-mode.png
5928,"Wide-screen (16:9), normal mode",poster/5928-wide-screen-16-9-normal-mode.png
5929,"Wide-screen (16:9), selection of picture mode",poster/5929-wide-screen-16-9-selection-of-picture-mode.png
5930,"Wide-screen (16:9), full picture mode",poster/5930-wide-screen-16-9-full-picture-mode.png
5931,"Wide-screen (16:9), horizontal zoom mode",poster/5931-wide-screen-16-9-horizontal-zoom-mode.png
5932,"Wide-screen (16:9), zoom mode",poster/5932-wide-screen-16-9-zoom-mode.png
5933,"Wide-screen (16:9), zoom in/out",poster/5933-wide-screen-16-9-zoom-in-out.png
5934,"Wide-screen (16:9), picture enlarge mode",poster/5934-wide-screen-16-9-picture-enlarge-mode.png
5935,Motorized cleaning head for water suction cleaning,poster/5935-motorized-cleaning-head-for-water-suction-cleaning.png
5937,Cardiac pacemaker; implantable cardioverter defibrillator,poster/5937-cardiac-pacemaker-implantable-cardioverter-defibrillator.png
5938,"Communication, infrared",poster/5938-communication-infrared.png
5939,Power supply type of electric device,poster/5939-power-supply-type-of-electric-device.png
5941,"Auto-transformer, general",poster/5941-auto-transformer-general.png
5942,"Auto-transformer, non- short-circuit proof",poster/5942-auto-transformer-non-short-circuit-proof.png
5943,"Auto-transformer, short- circuit proof",poster/5943-auto-transformer-short-circuit-proof.png
5944,"Isolating transformer, non- short-circuit proof",poster/5944-isolating-transformer-non-short-circuit-proof.png
5945,"Isolating transformer, short- circuit proof",poster/5945-isolating-transformer-short-circuit-proof.png
5946,"Safety isolating transformer, non-short- circuit proof",poster/5946-safety-isolating-transformer-non-short-circuit-proof.png
5947,"Safety isolating transformer, short- circuit proof",poster/5947-safety-isolating-transformer-short-circuit-proof.png
5948,"Perturbation attenuation isolating transformer, general",poster/5948-perturbation-attenuation-isolating-transformer-general.png
5949,"Perturbation attenuation isolating transformer, short-circuit proof",poster/5949-perturbation-attenuation-isolating-transformer-short-circuit.png
5950,"Small reactor, general",poster/5950-small-reactor-general.png
5951,"Small reactor, non- overload proof",poster/5951-small-reactor-non-overload-proof.png
5952,"Small reactor, overload proof",poster/5952-small-reactor-overload-proof.png
5953,"Transformer for Class III handlamps, short-circuit proof",poster/5953-transformer-for-class-iii-handlamps-short-circuit-proof.png
5954,"Colour temperature, fluorescent lamp",poster/5954-colour-temperature-fluorescent-lamp.png
5955,"Colour temperature, cloudy/rainy",poster/5955-colour-temperature-cloudy-rainy.png
5956,"Colour temperature, sunrise/sunset",poster/5956-colour-temperature-sunrise-sunset.png
5957,For indoor use only,poster/5957-for-indoor-use-only.png
5958,"Radiodiagnostic C-arm, angulation",poster/5958-radiodiagnostic-c-arm-angulation.png
5959,"X-ray source to image intensifier distance, increase",poster/5959-x-ray-source-to-image-intensifier-distance-increase.png
5960,"X-ray source to image intensifier distance, decrease",poster/5960-x-ray-source-to-image-intensifier-distance-decrease.png
5961,"X-ray source to image intensifier, centering",poster/5961-x-ray-source-to-image-intensifier-centering.png
5962,"Image intensifier, rotation around a horizontal axis",poster/5962-image-intensifier-rotation-around-a-horizontal-axis.png
5963,"X-ray source, lateral movement",poster/5963-x-ray-source-lateral-movement.png
5964,"X-ray source, longitudinal movement",poster/5964-x-ray-source-longitudinal-movement.png
5965,"X-ray source, vertical movement",poster/5965-x-ray-source-vertical-movement.png
5966,"Patient support, patient transfer position",poster/5966-patient-support-patient-transfer-position.png
5967,"Gantry, tilt",poster/5967-gantry-tilt.png
5968,Perturbation attenuation safety isolating transformer,poster/5968-perturbation-attenuation-safety-isolating-transformer.png
5969,"Perturbation attenuation safety isolating transformer, short- circuit proof",poster/5969-perturbation-attenuation-safety-isolating-transformer-short-.png
5970,Frequency converter,poster/5970-frequency-converter.png
5971,"Transformer for Class III handlamps, non- short-circuit proof",poster/5971-transformer-for-class-iii-handlamps-non-short-circuit-proof.png
5972,"Isolating transformer for the supply of medical locations, non-short- circuit proof",poster/5972-isolating-transformer-for-the-supply-of-medical-locations-no.png
5973,Mirror contact,poster/5973-mirror-contact.png
5974,Devices for connection of fixed luminaires; DCL,poster/5974-devices-for-connection-of-fixed-luminaires-dcl.png
5975,"Electronic image, general",poster/5975-electronic-image-general.png
5976,"X-ray image receptor, radiographic",poster/5976-x-ray-image-receptor-radiographic.png
5977,"X-ray image receptor, radioscopic",poster/5977-x-ray-image-receptor-radioscopic.png
5978,"X-ray image receptor, changer",poster/5978-x-ray-image-receptor-changer.png
5979,"X-ray cassette, freely positioned",poster/5979-x-ray-cassette-freely-positioned.png
5980,"Indirect radiography, digital",poster/5980-indirect-radiography-digital.png
5981,"Radioscopy, pulsed",poster/5981-radioscopy-pulsed.png
5982,"X-ray field, not limited by shutters",poster/5982-x-ray-field-not-limited-by-shutters.png
5983,"Radiodiagnostic compression device, no pressure applied",poster/5983-radiodiagnostic-compression-device-no-pressure-applied.png
5984,"Radiodiagnostic automatic control system, field selection",poster/5984-radiodiagnostic-automatic-control-system-field-selection.png
5985,Determination of radiography settings from radioscopy,poster/5985-determination-of-radiography-settings-from-radioscopy.png
5986,Disc media; optical disc; compact disc (CD),poster/5986-disc-media-optical-disc-compact-disc-cd.png
5987,Hard disk,poster/5987-hard-disk.png
5988,Computer network,poster/5988-computer-network.png
5989,Telephone line,poster/5989-telephone-line.png
5990,Mouse,poster/5990-mouse.png
5991,Keyboard,poster/5991-keyboard.png
5992,"Locking, numerals; num-lock",poster/5992-locking-numerals-num-lock.png
5993,"Locking, capitals; caps-lock",poster/5993-locking-capitals-caps-lock.png
5994,"Locking, scroll; scroll lock",poster/5994-locking-scroll-scroll-lock.png
5995,Do not immerse in any liquid,poster/5995-do-not-immerse-in-any-liquid.png
5997,"Message, general",poster/5997-message-general.png
5998,"Message, confidential",poster/5998-message-confidential.png
5999,"Telephone, ringing",poster/5999-telephone-ringing.png
6000,On-hook dialling,poster/6000-on-hook-dialling.png
6001,Internal call,poster/6001-internal-call.png
6002,External call,poster/6002-external-call.png
6003,Stamping,poster/6003-stamping.png
6004,Door-phone,poster/6004-door-phone.png
6005,Pulse background,poster/6005-pulse-background.png
6006,Pulse peak,poster/6006-pulse-peak.png
6007,Hot start,poster/6007-hot-start.png
6008,"Slope, increasing",poster/6008-slope-increasing.png
6009,"Slope, decreasing",poster/6009-slope-decreasing.png
6010,"Construction site, general",poster/6010-construction-site-general.png
6011,"Constant voltage separating transformer, general",poster/6011-constant-voltage-separating-transformer-general.png
6012,"Constant voltage isolating transformer, general",poster/6012-constant-voltage-isolating-transformer-general.png
6013,"Constant voltage safety isolating transformer, general",poster/6013-constant-voltage-safety-isolating-transformer-general.png
6014,"Variable separating transformer, general",poster/6014-variable-separating-transformer-general.png
6015,"Variable isolating transformer, general",poster/6015-variable-isolating-transformer-general.png
6016,"Variable safety isolating transformer, general",poster/6016-variable-safety-isolating-transformer-general.png
6017,"Constant voltage auto- transformer, general",poster/6017-constant-voltage-auto-transformer-general.png
6018,"Variable auto- transformer, general",poster/6018-variable-auto-transformer-general.png
6019,Vibration,poster/6019-vibration.png
6020,"Variability, rotational adjustment with maximum step",poster/6020-variability-rotational-adjustment-with-maximum-step.png
6021,"Electronic image, cancel",poster/6021-electronic-image-cancel.png
6022,"Mouse, left click",poster/6022-mouse-left-click.png
6023,Electronic programme guide; EPG,poster/6023-electronic-programme-guide-epg.png
6024,Inlet for liquid; input for liquid,poster/6024-inlet-for-liquid-input-for-liquid.png
6025,Outlet for liquid; output for liquid,poster/6025-outlet-for-liquid-output-for-liquid.png
6026,Inlet for gas; input for gas,poster/6026-inlet-for-gas-input-for-gas.png
6027,Outlet for gas; output for gas,poster/6027-outlet-for-gas-output-for-gas.png
6028,Display brilliance,poster/6028-display-brilliance.png
6029,Scale panel illumination,poster/6029-scale-panel-illumination.png
6030,"Self-shielded lamp, general",poster/6030-self-shielded-lamp-general.png
6031,Distance from water level,poster/6031-distance-from-water-level.png
6032,Do not connect to protective earth; do not connect to protective ground,poster/6032-do-not-connect-to-protective-earth-do-not-connect-to-protect.png
6033,Do not remove battery,poster/6033-do-not-remove-battery.png
6034,Rough service luminaires,poster/6034-rough-service-luminaires.png
6036,"Control transformer, fail- safe",poster/6036-control-transformer-fail-safe.png
6037,"Control transformer, non-short-circuit proof",poster/6037-control-transformer-non-short-circuit-proof.png
6038,"Control transformer, short-circuit proof",poster/6038-control-transformer-short-circuit-proof.png
6039,Flames kept away,poster/6039-flames-kept-away.png
6040,"Ultraviolet radiation, instructional safeguard",poster/6040-ultraviolet-radiation-instructional-safeguard.png
6041,"Visible radiation, instructional safeguard",poster/6041-visible-radiation-instructional-safeguard.png
6042,"Caution, risk of electric shock",poster/6042-caution-risk-of-electric-shock.png
6043,"Caution, sharp edges",poster/6043-caution-sharp-edges.png
6044,"Caution, avoid listening at high volume levels for long periods",poster/6044-caution-avoid-listening-at-high-volume-levels-for-long-perio.png
6045,"Rated power input, a.c.",poster/6045-rated-power-input-a-c.png
6046,"Rated power input, d.c.",poster/6046-rated-power-input-d-c.png
6047,"Rated power output, a.c.",poster/6047-rated-power-output-a-c.png
6048,"Rated power output, d.c.",poster/6048-rated-power-output-d-c.png
6049,Country of manufacture,poster/6049-country-of-manufacture.png
6050,Model number,poster/6050-model-number.png
6053,Built-in LED module,poster/6053-built-in-led-module.png
6054,Speech output,poster/6054-speech-output.png
6055,Audio description,poster/6055-audio-description.png
6056,"Caution, moving fan blades",poster/6056-caution-moving-fan-blades.png
6057,"Caution, moving parts",poster/6057-caution-moving-parts.png
6058,"Battery, removal",poster/6058-battery-removal.png
6059,"Caution, possibility of tilting",poster/6059-caution-possibility-of-tilting.png
6060,Anti-tip restraints,poster/6060-anti-tip-restraints.png
6061,Do not hose,poster/6061-do-not-hose.png
6062,Do not expose to moisture,poster/6062-do-not-expose-to-moisture.png
6063,"Separating transformer, high insulation level, general",poster/6063-separating-transformer-high-insulation-level-general.png
6064,"Separating transformer, high insulation level, non-short- circuit-proof",poster/6064-separating-transformer-high-insulation-level-non-short-circu.png
6065,"Separating transformer, high insulation level, short-circuit-proof",poster/6065-separating-transformer-high-insulation-level-short-circuit-p.png
6066,"Separating transformer, output voltages exceeding 1 kV, general",poster/6066-separating-transformer-output-voltages-exceeding-1-kv-genera.png
6067,"Separating transformer, output voltages exceeding 1 kV, non-short-circuit- proof",poster/6067-separating-transformer-output-voltages-exceeding-1-kv-non-sh.png
6068,"Separating transformer, output voltages exceeding 1 kV, short-circuit-proof",poster/6068-separating-transformer-output-voltages-exceeding-1-kv-short-.png
6069,"Caution, very bright light",poster/6069-caution-very-bright-light.png
6070,Do not disconnect under load,poster/6070-do-not-disconnect-under-load.png
6071,"Caution, unprotected lamp",poster/6071-caution-unprotected-lamp.png
6073,"Hyphen, soft",poster/6073-hyphen-soft.png
6074,"Hyphen, non-breaking",poster/6074-hyphen-non-breaking.png
6075,Non-stopping dot,poster/6075-non-stopping-dot.png
6078,"Mark, left-to-right",poster/6078-mark-left-to-right.png
6080,Partial backward delete,poster/6080-partial-backward-delete.png
6081,Function key,poster/6081-function-key.png
6082,Superselect,poster/6082-superselect.png
6083,"Superselect, secondary",poster/6083-superselect-secondary.png
6084,"Specific group, select group 2",poster/6084-specific-group-select-group-2.png
6086,"Switch to specific group, general",poster/6086-switch-to-specific-group-general.png
6087,"Latch to specific group, general",poster/6087-latch-to-specific-group-general.png
6088,"Switch to specific mode, general",poster/6088-switch-to-specific-mode-general.png
6090,Operating system key,poster/6090-operating-system-key.png
6091,Keep out of reach of children,poster/6091-keep-out-of-reach-of-children.png
6092,Class II equipment with functional earthing; Class II equipment with functional grounding (US),poster/6092-class-ii-equipment-with-functional-earthing-class-ii-equipme.png
6093,Moisture sensitive devices,poster/6093-moisture-sensitive-devices.png
6094,"Retrofit lamp, mains frequency",poster/6094-retrofit-lamp-mains-frequency.png
6095,"Retrofit lamp, high-frequency",poster/6095-retrofit-lamp-high-frequency.png
6096,Do not cover,poster/6096-do-not-cover.png
6097,Hyphen,poster/6097-hyphen.png
6098,"Hyphen, double straight",poster/6098-hyphen-double-straight.png
6099,Hyphenation point,poster/6099-hyphenation-point.png
6100,"Dash, figure",poster/6100-dash-figure.png
6101,"Dash, en",poster/6101-dash-en.png
6102,"Dash, em",poster/6102-dash-em.png
6103,"Dash, two-em",poster/6103-dash-two-em.png
6104,"Dash, three-em",poster/6104-dash-three-em.png
6105,Horizontal bar,poster/6105-horizontal-bar.png
6106,Minus sign,poster/6106-minus-sign.png
6107,Macron,poster/6107-macron.png
6108,Overline,poster/6108-overline.png
6109,Low line,poster/6109-low-line.png
6110,"Dash, swung",poster/6110-dash-swung.png
6111,Tilde operator,poster/6111-tilde-operator.png
6112,Asterisk operator,poster/6112-asterisk-operator.png
6113,Middle dot,poster/6113-middle-dot.png
6114,Bullet,poster/6114-bullet.png
6115,"Quotation mark, left single",poster/6115-quotation-mark-left-single.png
6116,"Quotation mark, right single",poster/6116-quotation-mark-right-single.png
6117,Apostrophe,poster/6117-apostrophe.png
6118,"Quotation mark, single low-9",poster/6118-quotation-mark-single-low-9.png
6119,"Quotation mark, left double",poster/6119-quotation-mark-left-double.png
6120,"Quotation mark, right double",poster/6120-quotation-mark-right-double.png
6121,"Quotation mark, double low-9",poster/6121-quotation-mark-double-low-9.png
6122,"Quotation mark, single left-pointing angle",poster/6122-quotation-mark-single-left-pointing-angle.png
6123,"Quotation mark, single right-pointing angle",poster/6123-quotation-mark-single-right-pointing-angle.png
6124,"Quotation mark, left- pointing double angle",poster/6124-quotation-mark-left-pointing-double-angle.png
6125,"Quotation mark, right- pointing double angle",poster/6125-quotation-mark-right-pointing-double-angle.png
6126,"Bracket, left angle",poster/6126-bracket-left-angle.png
6127,"Bracket, right angle",poster/6127-bracket-right-angle.png
6128,"Bracket, left double angle",poster/6128-bracket-left-double-angle.png
6129,"Bracket, right double angle",poster/6129-bracket-right-double-angle.png
6130,"Prime, single",poster/6130-prime-single.png
6131,"Prime, double",poster/6131-prime-double.png
6132,"Prime, reversed single",poster/6132-prime-reversed-single.png
6133,"Prime, reversed double",poster/6133-prime-reversed-double.png
6134,Ditto mark,poster/6134-ditto-mark.png
6135,"Slash, fraction",poster/6135-slash-fraction.png
6136,"Slash, division",poster/6136-slash-division.png
6137,"Base mark, diacritic to be entered in handwriting order",poster/6137-base-mark-diacritic-to-be-entered-in-handwriting-order.png
6138,"Base mark, diacritic above to be entered in handwriting order",poster/6138-base-mark-diacritic-above-to-be-entered-in-handwriting-order.png
6139,"Base mark, diacritic below to be entered in handwriting order",poster/6139-base-mark-diacritic-below-to-be-entered-in-handwriting-order.png
6140,"Base mark, diacritic to be entered by the dead key method",poster/6140-base-mark-diacritic-to-be-entered-by-the-dead-key-method.png
6141,"Cap height marker, modifier letters and similar characters",poster/6141-cap-height-marker-modifier-letters-and-similar-characters.png
6142,"Overlay, combining tilde",poster/6142-overlay-combining-tilde.png
6143,"Overlay, combining short slash",poster/6143-overlay-combining-short-slash.png
6144,"Overlay, combining long slash",poster/6144-overlay-combining-long-slash.png
6145,"Overlay, combining short solidus",poster/6145-overlay-combining-short-solidus.png
6146,"Overlay, combining long solidus",poster/6146-overlay-combining-long-solidus.png
6147,Students with supervisor,poster/6147-students-with-supervisor.png
6148,"Residual current sensitive device (RCD), type AC",poster/6148-residual-current-sensitive-device-rcd-type-ac.png
6149,"Residual current sensitive device (RCD), type A",poster/6149-residual-current-sensitive-device-rcd-type-a.png
6150,"Residual current sensitive device (RCD), type B",poster/6150-residual-current-sensitive-device-rcd-type-b.png
6151,"Caution, infrared radiation",poster/6151-caution-infrared-radiation.png
6152,Do not use lamp if outer bulb broken,poster/6152-do-not-use-lamp-if-outer-bulb-broken.png
6153,"Lamp, fluorescent",poster/6153-lamp-fluorescent.png
6157,Self-healing capacitor,poster/6157-self-healing-capacitor.png
6158,Discharging device of capacitor,poster/6158-discharging-device-of-capacitor.png
6159,Do not stare at light source,poster/6159-do-not-stare-at-light-source.png
6160,"Residual current sensitive device (RCD), type F",poster/6160-residual-current-sensitive-device-rcd-type-f.png
6161,"Humidity sensor, resistive type",poster/6161-humidity-sensor-resistive-type.png
6162,"Humidity sensor, capacitive type",poster/6162-humidity-sensor-capacitive-type.png
6163,"Electronic controlgear, emergency lighting",poster/6163-electronic-controlgear-emergency-lighting.png
6164,"Electronic controlgear, emergency lighting with automatic test function",poster/6164-electronic-controlgear-emergency-lighting-with-automatic-tes.png
6165,Regulated load,poster/6165-regulated-load.png
6166,"Caution, non-ionizing electromagnetic radiation; caution, microwave radiation",poster/6166-caution-non-ionizing-electromagnetic-radiation-caution-micro.png
6167,Keep out of microwave radiation,poster/6167-keep-out-of-microwave-radiation.png
6168,"Live working, hand tool",poster/6168-live-working-hand-tool.png
6170,Isolated gripping-lug,poster/6170-isolated-gripping-lug.png
6171,"Household socket outlet, EV and PHEV charging",poster/6171-household-socket-outlet-ev-and-phev-charging.png
6172,"Disconnection, all power plugs",poster/6172-disconnection-all-power-plugs.png
6173,"Connection, protective conductor (PE)",poster/6173-connection-protective-conductor-pe.png
6174,"Electronic controlgear, audio-frequency impedance",poster/6174-electronic-controlgear-audio-frequency-impedance.png
6175,"Live working, unsuitable for hand-manipulation",poster/6175-live-working-unsuitable-for-hand-manipulation.png
6176,Alternative position,poster/6176-alternative-position.png
6177,Transformer and power supply unit for saving energy,poster/6177-transformer-and-power-supply-unit-for-saving-energy.png
6178,Suitable for use under dust and moisture,poster/6178-suitable-for-use-under-dust-and-moisture.png
6179,Not suitable for use under dust and moisture,poster/6179-not-suitable-for-use-under-dust-and-moisture.png
6180,Flame propagating,poster/6180-flame-propagating.png
6181,Separate supply unit,poster/6181-separate-supply-unit.png
6182,"Installation, electrotechnical expertise",poster/6182-installation-electrotechnical-expertise.png
6183,"Installation, mechanical expertise",poster/6183-installation-mechanical-expertise.png
6184,Hearing aid,poster/6184-hearing-aid.png
6186,Optical filtre,poster/6186-optical-filtre.png
6187,Continuous operation,poster/6187-continuous-operation.png
6188,"Air impeller, feeding",poster/6188-air-impeller-feeding.png
6190,"Power supply unit, switch mode; switch mode power supply unit; SMPS",poster/6190-power-supply-unit-switch-mode-switch-mode-power-supply-unit-.png
6191,"RF coil, transmit",poster/6191-rf-coil-transmit.png
6192,"RF coil, transmit and receive",poster/6192-rf-coil-transmit-and-receive.png
6193,"RF coil, receive",poster/6193-rf-coil-receive.png
6194,"Gas discharge tube, two- electrode; two-electrode GDT",poster/6194-gas-discharge-tube-two-electrode-two-electrode-gdt.png
6195,"Gas discharge tube, three- electrode; three-electrode GDT",poster/6195-gas-discharge-tube-three-electrode-three-electrode-gdt.png
6196,"Immediate stop, light source",poster/6196-immediate-stop-light-source.png
6197,"Immediate stop, laser light source",poster/6197-immediate-stop-laser-light-source.png
6198,"Ignition transformer, inherently short circuit proof, one end of output winding connected to the earth",poster/6198-ignition-transformer-inherently-short-circuit-proof-one-end-.png
6199,"Ignition transformer, inherently short circuit proof, midpoint of output winding connected to the earth",poster/6199-ignition-transformer-inherently-short-circuit-proof-midpoint.png
6200,Aiming beam,poster/6200-aiming-beam.png
6201,"Aiming beam, blinking",poster/6201-aiming-beam-blinking.png
6202,"Packaging for ESD, general",poster/6202-packaging-for-esd-general.png
6203,"Water tank, periodical cleaning",poster/6203-water-tank-periodical-cleaning.png
6204,"Caution, static magnetic field hazard",poster/6204-caution-static-magnetic-field-hazard.png
6205,"Caution, alternating magnetic nearfield hazard",poster/6205-caution-alternating-magnetic-nearfield-hazard.png
6206,"Caution, electric field hazard",poster/6206-caution-electric-field-hazard.png
6207,"Caution, touch current that can cause burns",poster/6207-caution-touch-current-that-can-cause-burns.png
6208,"Caution, touch current or voltage",poster/6208-caution-touch-current-or-voltage.png
6209,"Power supply unit, general",poster/6209-power-supply-unit-general.png
6210,"Power supply unit, linear",poster/6210-power-supply-unit-linear.png
6211,"Copying paper / material, general",poster/6211-copying-paper-material-general.png
6212,"Copying paper / material, punch location",poster/6212-copying-paper-material-punch-location.png
6213,"Copying paper / material, staple location",poster/6213-copying-paper-material-staple-location.png
6214,"Copying paper / material, transparency",poster/6214-copying-paper-material-transparency.png
6215,"Copying paper / material, manual feed",poster/6215-copying-paper-material-manual-feed.png
6216,"Copying paper / material, automatic selection",poster/6216-copying-paper-material-automatic-selection.png
6217,"Copying paper / material, roll",poster/6217-copying-paper-material-roll.png
6218,"Waste bin, toner",poster/6218-waste-bin-toner.png
6219,"Waste bin, paper/material",poster/6219-waste-bin-paper-material.png
6220,"Staple, jam",poster/6220-staple-jam.png
6221,Photoconductor unit,poster/6221-photoconductor-unit.png
6222,"Information, general; help, general",poster/6222-information-general-help-general.png
6223,Address book,poster/6223-address-book.png
6224,"Area, rectangular",poster/6224-area-rectangular.png
6225,"Area, polygonal",poster/6225-area-polygonal.png
6226,"Copying, margin",poster/6226-copying-margin.png
6227,"Copying, reversal black-to- white",poster/6227-copying-reversal-black-to-white.png
6228,"Copying, overlay",poster/6228-copying-overlay.png
6229,"Scanned image, movement",poster/6229-scanned-image-movement.png
6230,"Scanned image, centring",poster/6230-scanned-image-centring.png
6231,"Copying, continuous scaling",poster/6231-copying-continuous-scaling.png
6232,"Copying, normalization",poster/6232-copying-normalization.png
6233,Scan mode,poster/6233-scan-mode.png
6234,Personal computer; PC,poster/6234-personal-computer-pc.png
6235,"Contrast, automatic adjustment",poster/6235-contrast-automatic-adjustment.png
6236,Authentication,poster/6236-authentication.png
6238,Output tray selection,poster/6238-output-tray-selection.png
6239,"Printing side, face up",poster/6239-printing-side-face-up.png
6240,"Printing side, face down",poster/6240-printing-side-face-down.png
6241,"Copying, facsimile",poster/6241-copying-facsimile.png
6242,"Originals, size mixed",poster/6242-originals-size-mixed.png
6243,"Copying, general",poster/6243-copying-general.png
6244,Conformity,poster/6244-conformity.png
6245,TANGO-IN; TI,poster/6245-tango-in-ti.png
6246,TANGO-OUT; TO,poster/6246-tango-out-to.png
6247,VIDEO-IN; VI,poster/6247-video-in-vi.png
6248,VIDEO-OUT; VO,poster/6248-video-out-vo.png
6249,AUDIO-IN; AI,poster/6249-audio-in-ai.png
6250,AUDIO-OUT; AO,poster/6250-audio-out-ao.png
6251,CHEMO-IN; XI,poster/6251-chemo-in-xi.png
6252,CHEMO-OUT; XO,poster/6252-chemo-out-xo.png
6253,RADIO-IN; RI,poster/6253-radio-in-ri.png
6254,RADIO-OUT; RO,poster/6254-radio-out-ro.png
6255,CALOR-IN; CI,poster/6255-calor-in-ci.png
6256,CALOR-OUT; CO,poster/6256-calor-out-co.png
6257,ELECTRO-IN; EI,poster/6257-electro-in-ei.png
6258,ELECTRO-OUT; EO,poster/6258-electro-out-eo.png
6260,"Vascular image recognition, general",poster/6260-vascular-image-recognition-general.png
6261,"Vascular image recognition, hand",poster/6261-vascular-image-recognition-hand.png
6262,"Vascular image recognition, finger",poster/6262-vascular-image-recognition-finger.png
6263,Collector position change,poster/6263-collector-position-change.png
6264,"Position of use, vertical",poster/6264-position-of-use-vertical.png
6265,"Position of use, horizontal",poster/6265-position-of-use-horizontal.png
6266,"Position of use, inclined",poster/6266-position-of-use-inclined.png
6267,Permanent-magnet moving-coil instrument,poster/6267-permanent-magnet-moving-coil-instrument.png
6268,Permanent-magnet ratiometer; permanent- magnet quotientmeter,poster/6268-permanent-magnet-ratiometer-permanent-magnet-quotientmeter.png
6269,"Moving-iron instrument, polarized",poster/6269-moving-iron-instrument-polarized.png
6270,Moving permanent- magnet instrument,poster/6270-moving-permanent-magnet-instrument.png
6271,Moving permanent- magnet ratiometer; moving permanent- magnet quotientmeter,poster/6271-moving-permanent-magnet-ratiometer-moving-permanent-magnet-q.png
6272,"Moving-iron instrument, general",poster/6272-moving-iron-instrument-general.png
6273,Moving-iron ratiometer; moving-iron quotientmeter,poster/6273-moving-iron-ratiometer-moving-iron-quotientmeter.png
6274,"Electrodynamic instrument, ironless",poster/6274-electrodynamic-instrument-ironless.png
6275,"Electrodynamic instrument, iron-cored; ferro-dynamic instrument, iron-cored",poster/6275-electrodynamic-instrument-iron-cored-ferro-dynamic-instrumen.png
6276,"Electro-dynamic (ferro- dynamic) ratiometer, ironless; electro-dynamic (ferro-dynamic) quotientmeter, ironless",poster/6276-electro-dynamic-ferro-dynamic-ratiometer-ironless-electro-dy.png
6277,"Electro-dynamic (ferror- dynamic) ratiometer, iron- cored; electro-dynamic (ferror- dynamic) quotientmeter, iron- cored",poster/6277-electro-dynamic-ferror-dynamic-ratiometer-iron-cored-electro.png
6278,Induction instrument,poster/6278-induction-instrument.png
6279,Induction ratiometer; induction quotientmeter,poster/6279-induction-ratiometer-induction-quotientmeter.png
6280,Bimetallic instrument,poster/6280-bimetallic-instrument.png
6281,Electrostatic instrument,poster/6281-electrostatic-instrument.png
6282,Vibrating-reed instrument; vibrating- reed frequency metre,poster/6282-vibrating-reed-instrument-vibrating-reed-frequency-metre.png
6283,"Thermal converter, non- insulated thermocouple",poster/6283-thermal-converter-non-insulated-thermocouple.png
6284,"Thermal converter, insulated thermocouple",poster/6284-thermal-converter-insulated-thermocouple.png
6285,Zero / span adjuster,poster/6285-zero-span-adjuster.png
6286,Overload protection device fitted,poster/6286-overload-protection-device-fitted.png
6287,Negation,poster/6287-negation.png
6288,"IC-CPD, general; in-cable",poster/6288-ic-cpd-general-in-cable.png
6289,"IC-CPD, switched",poster/6289-ic-cpd-switched.png
6290,"IC-CPD, non-switched",poster/6290-ic-cpd-non-switched.png
6291,Residual current,poster/6291-residual-current.png
6292,Cold environment,poster/6292-cold-environment.png
6293,Not for IT system,poster/6293-not-for-it-system.png
6294,AIS SAR aircraft,poster/6294-ais-sar-aircraft.png
6295,Concentric circle,poster/6295-concentric-circle.png
6296,LUM connection; luminaire connection,poster/6296-lum-connection-luminaire-connection.png
6297,"Residual current sensitive device (RCD), type B symbol element",poster/6297-residual-current-sensitive-device-rcd-type-b-symbol-element.png
6298,"Electrotechnical protection, general",poster/6298-electrotechnical-protection-general.png
6299,Hexagon,poster/6299-hexagon.png
6300,Suitable for uninsulated hazardous live conductors,poster/6300-suitable-for-uninsulated-hazardous-live-conductors.png
6301,"Ultra-violet light source, exposure distance",poster/6301-ultra-violet-light-source-exposure-distance.png
6302,"Welding time, continuous mode",poster/6302-welding-time-continuous-mode.png
6303,"Welding time, intermittent mode",poster/6303-welding-time-intermittent-mode.png
6304,"Welding power source, engine",poster/6304-welding-power-source-engine.png
6305,"Welding power output, submerged arc welding",poster/6305-welding-power-output-submerged-arc-welding.png
6306,"Welding power output, manual metal arc welding with covered electrodes",poster/6306-welding-power-output-manual-metal-arc-welding-with-covered-e.png
6307,"Welding power output, tungsten inert-gas welding",poster/6307-welding-power-output-tungsten-inert-gas-welding.png
6308,"Welding power output, metal inert and active gas welding including the use of flux cored wire",poster/6308-welding-power-output-metal-inert-and-active-gas-welding-incl.png
6309,"Welding power output, self- shielded flux cored arc welding",poster/6309-welding-power-output-self-shielded-flux-cored-arc-welding.png
6310,"Welding power output, plasma cutting",poster/6310-welding-power-output-plasma-cutting.png
6311,"Welding power output, plasma gouging",poster/6311-welding-power-output-plasma-gouging.png
6312,"Welding power output, plasma welding",poster/6312-welding-power-output-plasma-welding.png
6313,"Electrode holder, air carbon arc gouging",poster/6313-electrode-holder-air-carbon-arc-gouging.png
6314,Air carbon arc gouging,poster/6314-air-carbon-arc-gouging.png
6315,"Air flow, general",poster/6315-air-flow-general.png
6316,"Air flow, narrowed; air pressure",poster/6316-air-flow-narrowed-air-pressure.png
6317,"Air flow, filtered; air filter",poster/6317-air-flow-filtered-air-filter.png
6318,"Arc striking, without contact",poster/6318-arc-striking-without-contact.png
6319,"Arc striking, with contact",poster/6319-arc-striking-with-contact.png
6320,"Distance, general; dimension, general",poster/6320-distance-general-dimension-general.png
6321,"Resistor, general; series device",poster/6321-resistor-general-series-device.png
6322,Shunt,poster/6322-shunt.png
6323,Electronic device in a measuring circuit,poster/6323-electronic-device-in-a-measuring-circuit.png
6324,Electronic device in an auxiliary circuit,poster/6324-electronic-device-in-an-auxiliary-circuit.png
6325,Skip,poster/6325-skip.png
6326,Slide show,poster/6326-slide-show.png
6327,Global positioning system; GPS,poster/6327-global-positioning-system-gps.png
6328,Tulip; UMF,poster/6328-tulip-umf.png
6331,Not suitable for outlet with normal water pressure,poster/6331-not-suitable-for-outlet-with-normal-water-pressure.png
6332,Tropical climate,poster/6332-tropical-climate.png
6336,Retry,poster/6336-retry.png
6337,Human assistance,poster/6337-human-assistance.png
6338,Fingerprint application,poster/6338-fingerprint-application.png
6341,"Finger/hand quality feedback, press more or less",poster/6341-finger-hand-quality-feedback-press-more-or-less.png
6343,Maximum altitude,poster/6343-maximum-altitude.png
6345,Rough surface IP-code,poster/6345-rough-surface-ip-code.png
6346,"Lamp controlgear, class P thermally protected",poster/6346-lamp-controlgear-class-p-thermally-protected.png
6347,"Lamp controlgear, temperature declared thermally protected",poster/6347-lamp-controlgear-temperature-declared-thermally-protected.png
6348,Overvoltage category I,poster/6348-overvoltage-category-i.png
6349,Overvoltage category II,poster/6349-overvoltage-category-ii.png
6350,Overvoltage category III,poster/6350-overvoltage-category-iii.png
6351,Overvoltage category IV,poster/6351-overvoltage-category-iv.png
6352,Do not use power supply with damaged plug,poster/6352-do-not-use-power-supply-with-damaged-plug.png
6353,Protection against the thermal effect of the electric arc,poster/6353-protection-against-the-thermal-effect-of-the-electric-arc.png
6354,Facial image capture,poster/6354-facial-image-capture.png
6355,Single person,poster/6355-single-person.png
6356,No hat,poster/6356-no-hat.png
6357,No sunglasses,poster/6357-no-sunglasses.png
6358,Neutral expression,poster/6358-neutral-expression.png
6359,Hair up,poster/6359-hair-up.png
6360,View direction,poster/6360-view-direction.png
6361,Facial recognition,poster/6361-facial-recognition.png
6362,Non-ECE,poster/6362-non-ece.png
6363,Not suitable for use on IT systems,poster/6363-not-suitable-for-use-on-it-systems.png
6364,Not suitable for use on single-phase systems,poster/6364-not-suitable-for-use-on-single-phase-systems.png
6365,Direct opening action,poster/6365-direct-opening-action.png
6366,MWF vacuum cleaner,poster/6366-mwf-vacuum-cleaner.png
6367,Coin cell; coin battery,poster/6367-coin-cell-coin-battery.png
6368,Button cell; button battery,poster/6368-button-cell-button-battery.png
6369,"Switch-disconnector, padlocked; on-load isolating switch, padlocked",poster/6369-switch-disconnector-padlocked-on-load-isolating-switch-padlo.png
6370,Normal-superconducting boundary,poster/6370-normal-superconducting-boundary.png
6371,Josephson junction,poster/6371-josephson-junction.png
6372,Phacofragmentation,poster/6372-phacofragmentation.png
6374,Vitrectomy,poster/6374-vitrectomy.png
6375,Connection to potable water supply,poster/6375-connection-to-potable-water-supply.png
6377,Wire burnback control,poster/6377-wire-burnback-control.png
6378,Foot control,poster/6378-foot-control.png
6379,Panel; local,poster/6379-panel-local.png
6380,"Electrode holder, manual",poster/6380-electrode-holder-manual.png
6381,"Arc welding torch, MIG/MAG",poster/6381-arc-welding-torch-mig-mag.png
6382,"Arc welding torch, self- shielded flux cored",poster/6382-arc-welding-torch-self-shielded-flux-cored.png
6383,"Arc welding torch, TIG",poster/6383-arc-welding-torch-tig.png
6384,"Arc welding torch, plasma",poster/6384-arc-welding-torch-plasma.png
6385,Motorised gun,poster/6385-motorised-gun.png
6386,Motorised gun with filler wire supply,poster/6386-motorised-gun-with-filler-wire-supply.png
6387,"Arc welding torch, submerged",poster/6387-arc-welding-torch-submerged.png
6388,"Arc force, increase",poster/6388-arc-force-increase.png
6389,Pulsed,poster/6389-pulsed.png
6390,"Inductance, variable",poster/6390-inductance-variable.png
6391,"Inductance, high",poster/6391-inductance-high.png
6392,"Inductance, medium",poster/6392-inductance-medium.png
6393,"Inductance, low",poster/6393-inductance-low.png
6394,"Variability with OFF position, rotary adjustment",poster/6394-variability-with-off-position-rotary-adjustment.png
6395,"Welding power source, type S",poster/6395-welding-power-source-type-s.png
6397,"Enlargement of the cooking zone, multiple circular",poster/6397-enlargement-of-the-cooking-zone-multiple-circular.png
6398,"Residual current sensitive device (RCD), type B-2",poster/6398-residual-current-sensitive-device-rcd-type-b-2.png
6399,"Residual current sensitive device (RCD), type F-2",poster/6399-residual-current-sensitive-device-rcd-type-f-2.png
6400,Photovoltaic array installation,poster/6400-photovoltaic-array-installation.png
6404,Earth referenced patient circuit,poster/6404-earth-referenced-patient-circuit.png
6405,"Time synchronization, general",poster/6405-time-synchronization-general.png
6406,Time synchronized type R security energizer,poster/6406-time-synchronized-type-r-security-energizer.png
6407,Time synchronized type S security energizer,poster/6407-time-synchronized-type-s-security-energizer.png
